year,player,player_id,position,player_game_count,team_name,targets,receptions,caught_percent,yards,touchdowns,grades_offense,grades_pass_route,grades_hands_drop,grades_hands_fumble,grades_pass_block,yards_per_reception,yards_after_catch,yards_after_catch_per_reception,longest,first_downs,drops,interceptions,fumbles,avoided_tackles,targeted_qb_rating,penalties,declined_penalties
2016,Mike Evans,8642,WR,16,TB,168,96,57.1,1321,12,91.7,91.5,66.9,83.5,,13.8,188,2,45,81,7,8,0,3,86.4,4,1
2016,Odell Beckham Jr.,8647,WR,16,NYG,161,101,62.7,1367,10,87,87.5,67.6,39.5,,13.5,532,5.3,75,66,8,2,2,29,105.3,7,1
2016,Antonio Brown,5718,WR,15,PIT,151,106,70.2,1284,12,88.8,89.5,90.8,88.4,,12.1,409,3.9,51,63,2,3,0,9,114.2,9,3
2016,Larry Fitzgerald,1724,WR,16,ARZ,147,107,72.8,1023,6,83.3,80.2,88.5,43.3,75.1,9.6,364,3.4,32,59,4,3,2,13,96.8,1,0
2016,Jordy Nelson,4350,WR,16,GB,146,97,66.4,1257,14,82.3,81.2,85.4,57.1,,13,386,4,60,62,4,1,1,4,122.4,0,0
2016,Julian Edelman,5156,WR,16,NE,146,98,67.1,1106,3,76.9,77.9,44.6,29.4,60.5,11.3,486,5,77,55,12,0,1,14,96.4,4,1
2016,Allen Robinson II,8696,WR,16,JAX,144,73,50.7,883,6,69.8,68.6,44,49.3,,12.1,195,2.7,42,51,9,7,1,4,63.5,3,1
2016,T.Y. Hilton,7092,WR,16,IND,143,91,63.6,1448,6,86.7,85.9,54.8,83.7,,15.9,328,3.6,63,66,8,5,0,7,96.7,0,0
2016,Michael Crabtree,4933,WR,16,OAK,142,89,62.7,1003,8,79.2,79.3,39.9,55.5,,11.3,273,3.1,56,55,13,2,2,14,96.7,9,0
2016,Demaryius Thomas,5547,WR,16,DEN,141,90,63.8,1083,5,80.4,78.6,68.2,29.8,,12,330,3.7,55,50,7,2,2,6,93.2,4,1
2016,DeAndre Hopkins,7808,WR,16,HST,138,78,56.5,954,4,77.5,76.2,78,82.1,,12.2,250,3.2,51,56,4,9,0,6,60.5,5,0
2016,Terrelle Pryor Sr.,6944,WR,16,CLV,132,77,58.3,1007,4,74.7,79.6,67.9,58.1,,13.1,213,2.8,54,48,6,6,0,5,73.6,9,2
2016,Emmanuel Sanders,5606,WR,16,DEN,131,79,60.3,1032,5,81.5,81.4,90.6,51.6,,13.1,263,3.3,64,50,1,5,1,12,82,5,1
2016,Golden Tate,5585,WR,16,DET,131,91,69.5,1077,4,71.6,72.3,68.3,41.1,,11.8,623,6.8,67,45,7,3,1,23,94.9,4,0
2016,Amari Cooper,9437,WR,16,OAK,127,83,65.4,1154,5,79,79.7,78.8,54.2,,13.9,448,5.4,64,47,4,2,2,12,101,3,0
2016,Julio Jones,6158,WR,14,ATL,125,83,66.4,1409,6,91.9,91.8,69.8,82.4,62.3,17,415,5,75,64,6,4,0,7,107.1,3,0
2016,Greg Olsen,3647,TE,16,CAR,122,80,65.6,1073,3,83.4,84.9,84.9,82.2,72.3,13.4,369,4.6,78,55,2,4,0,3,87.9,3,1
2016,Jarvis Landry,8698,WR,16,MIA,122,94,77,1136,4,83.6,85.9,85.5,28.7,,12.1,630,6.7,71,52,5,2,1,22,109.2,10,3
2016,Brandon Marshall,3064,WR,15,NYJ,121,59,48.8,788,3,69.2,68.5,52.3,83.3,68.5,13.4,187,3.2,41,43,7,9,0,3,47.1,4,2
2016,Kyle Rudolph,6195,TE,16,MIN,120,83,69.2,840,7,73.2,75.3,69.3,84.4,77.5,10.1,363,4.4,44,50,5,1,0,6,104.9,2,0
2016,Michael Thomas,10681,WR,15,NO,119,92,77.3,1137,9,86.4,86.3,83.6,29.7,,12.4,478,5.2,46,62,4,4,2,20,117.5,1,0
2016,Davante Adams,8688,WR,16,GB,118,75,63.6,997,12,70.2,69.8,45.4,28.3,,13.3,407,5.4,66,45,9,4,2,13,110,4,0
2016,Doug Baldwin,6615,WR,16,SEA,117,94,80.3,1128,7,82.8,81.1,79.1,56.3,79.7,12,479,5.1,59,52,4,2,1,11,119.7,2,0
2016,Dennis Pitta,5638,TE,16,BLT,116,86,74.1,729,2,61.8,62.6,76.2,53.8,33.8,8.5,312,3.6,30,37,5,3,1,4,85,2,0
2016,Travis Kelce,7844,TE,16,KC,114,85,74.6,1125,4,89,88.1,75.1,82.6,73.8,13.2,652,7.7,80,54,6,0,0,10,117,5,0
2016,Brandin Cooks,8655,WR,16,NO,113,78,69,1173,8,73,72.7,83.9,63.3,,15,367,4.7,98,44,4,2,1,3,119.1,3,1
2016,Kelvin Benjamin,8663,WR,16,CAR,112,63,56.3,941,7,76.5,79.7,84.1,36.3,,14.9,235,3.7,50,51,2,3,1,8,93.6,10,2
2016,Tyrell Williams,10154,WR,16,SD,111,69,62.2,1059,7,75.6,75.8,46.6,81.3,,15.3,449,6.5,51,48,9,9,0,9,80.9,3,0
2016,Pierre Garcon,4519,WR,16,WAS,110,79,71.8,1041,3,85.5,84.2,89.5,82,,13.2,354,4.5,70,52,1,2,0,13,102.9,3,0
2016,Jordan Matthews,8677,WR,14,PHI,109,73,67,804,3,67.7,69.6,58.6,58.8,,11,237,3.2,54,37,7,0,1,3,97.8,2,0
2016,Stefon Diggs,9579,WR,13,MIN,109,84,77.1,903,3,79.1,78.9,85.9,84,,10.8,310,3.7,46,47,4,1,0,8,106.2,3,1
2016,Mike Wallace,5007,WR,16,BLT,109,72,66.1,1017,4,70.2,70.9,64.9,82.2,,14.1,416,5.8,95,42,7,3,1,8,96.8,4,1
2016,Kenny Britt,4953,WR,15,LA,109,68,62.4,1002,5,74,74.8,74,26.8,,14.7,297,4.4,66,46,4,3,2,6,96.2,6,0
2016,Jeremy Kerley,6305,WR,16,SF,108,64,59.3,667,3,68.9,67.1,78.5,27.1,,10.4,220,3.4,33,33,3,4,1,3,71,0,0
2016,David Johnson,9519,HB,16,ARZ,107,80,74.8,879,4,79.9,90,80.4,53.2,71,11,642,8,58,42,4,1,0,27,107.2,1,1
2016,Rishard Matthews,7211,WR,16,TEN,104,65,62.5,945,9,81.4,79.5,90.2,45.9,61.6,14.5,218,3.4,60,44,1,4,1,5,104.8,3,0
2016,Sterling Shepard,10674,WR,16,NYG,103,65,63.1,683,8,66.4,66.4,62.2,81.7,68.8,10.5,261,4,32,42,6,5,0,8,88,2,1
2016,Steve Smith,837,WR,14,BLT,102,70,68.6,799,5,74,74.9,81.9,81.5,,11.4,286,4.1,52,39,3,4,0,12,91.9,7,2
2016,Tavon Austin,7789,WR,15,LA,101,58,57.4,509,3,61.3,58.3,38.5,51.9,74.8,8.8,273,4.7,43,25,9,6,1,6,56.1,2,0
2016,Zach Ertz,7816,TE,14,PHI,101,78,77.2,816,4,70.9,72.8,90,82.3,63.5,10.5,279,3.6,30,42,2,4,0,3,96.8,6,0
2016,Marvin Jones Jr.,7158,WR,15,DET,101,55,54.5,930,4,71.8,70.6,47.6,80,,16.9,239,4.3,73,41,7,0,0,6,99,1,0
2016,Marqise Lee,8674,WR,16,JAX,101,63,62.4,851,3,71.9,70.8,66.8,85.3,,13.5,351,5.6,51,44,6,5,0,11,78.4,1,0
2016,Brandon LaFell,5602,WR,16,CIN,101,64,63.4,862,6,69.5,69.1,84.5,80.8,,13.5,347,5.4,86,42,2,1,0,4,106.1,3,1
2016,Quincy Enunwa,8843,WR,16,NYJ,99,58,58.6,857,4,70,68.9,31.8,80.5,76.7,14.8,360,6.2,69,37,12,4,0,13,83.6,1,1
2016,Willie Snead IV,8999,WR,15,NO,96,72,75,895,4,79.6,76.7,71,29.5,84.7,12.4,387,5.4,49,49,5,3,2,10,104.3,1,0
2016,Delanie Walker,3120,TE,15,TEN,96,65,67.7,800,7,76,77.1,73.5,46.9,76.4,12.3,263,4,47,35,4,3,1,11,104.5,7,0
2016,Cameron Meredith,10008,WR,14,CHI,95,66,69.5,888,4,73.7,73,50.5,22.6,,13.5,294,4.5,50,43,8,3,3,10,99.8,3,0
2016,A.J. Green,6156,WR,10,CIN,95,66,69.5,964,4,90,90.1,73.5,81,,14.6,269,4.1,54,41,4,0,0,7,116.3,4,1
2016,Jimmy Graham,5619,TE,16,SEA,93,65,69.9,923,6,84.1,85.4,66.7,26.5,78.6,14.2,334,5.1,42,45,6,1,2,6,118.7,4,0
2016,Jamison Crowder,9538,WR,16,WAS,92,67,72.8,847,7,66.9,66.1,79.3,37,67.9,12.6,383,5.7,55,33,3,3,2,13,112.9,3,0
2016,Alshon Jeffery,7048,WR,12,CHI,92,52,56.5,821,2,74.5,73.8,66.3,79.6,,15.8,192,3.7,54,41,5,7,0,1,61.9,4,1
2016,Cole Beasley,7330,WR,16,DAL,92,75,81.5,833,5,87.2,87.5,88.3,82.5,61.6,11.1,382,5.1,47,51,2,0,0,3,122.5,0,0
2016,Jason Witten,1384,TE,16,DAL,91,69,75.8,673,3,67.8,67,80.5,48.5,60.2,9.8,254,3.7,35,33,3,1,1,8,102.5,5,0
2016,Ted Ginn Jr.,3625,WR,16,CAR,89,54,60.7,752,4,69.2,70.9,48.3,89.5,,13.9,194,3.6,88,27,7,5,0,5,79.4,2,0
2016,Dontrelle Inman,6597,WR,16,SD,89,58,65.2,810,4,72.3,70.7,70.3,80.6,67.2,14,221,3.8,57,37,4,4,0,3,90.6,2,0
2016,Dez Bryant,5549,WR,13,DAL,89,50,56.2,796,8,80.4,79.8,79.7,29.9,,15.9,144,2.9,56,38,2,2,1,4,106.8,0,0
2016,DeSean Jackson,4363,WR,15,WAS,89,56,62.9,1005,4,73,72,61.2,79.9,,17.9,277,4.9,80,35,6,2,0,3,107.2,0,0
2016,Le'Veon Bell,7829,HB,12,PIT,89,75,84.3,616,2,75.5,67.8,66.4,58.4,83.4,8.2,680,9.1,32,30,6,0,1,14,103,6,1
2016,Adam Thielen,8288,WR,16,MIN,88,69,78.4,967,5,79.9,77.5,86.9,28.6,36.3,14,305,4.4,71,44,3,2,1,7,121.9,2,0
2016,Anquan Boldin,1369,WR,16,DET,88,67,76.1,584,8,66.3,66.9,68.5,81.2,74.4,8.7,226,3.4,35,41,5,2,0,7,114,6,0
2016,Will Fuller V,10655,WR,14,HST,87,47,54,635,2,63,63.4,55.5,85.3,,13.5,225,4.8,53,31,6,1,0,6,80.4,1,0
2016,Eric Ebron,8645,TE,13,DET,85,61,71.8,711,1,66.9,73.5,53,80.7,80.9,11.7,269,4.4,61,37,7,3,0,4,86,5,0
2016,Jordan Reed,7866,TE,12,WAS,85,66,77.6,686,6,83.6,88,90.2,81,60.4,10.4,260,3.9,33,42,1,2,1,12,114,3,0
2016,Antonio Gates,1609,TE,14,SD,85,53,62.4,548,7,73.2,71.1,52.7,38.1,56.6,10.3,191,3.6,27,34,7,3,1,5,93.7,2,0
2016,DeVante Parker,9447,WR,15,MIA,82,56,68.3,744,4,76.1,76.2,88.7,80,65.7,13.3,244,4.4,56,35,1,5,0,7,87.7,2,0
2016,C.J. Fiedorowicz,8700,TE,15,HST,82,54,65.9,559,4,80.6,80.4,60.7,40.4,78.6,10.4,203,3.8,26,28,6,2,1,6,91.5,2,0
2016,Tyreek Hill,10799,WR,16,KC,81,61,75.3,593,6,80.4,80.6,70.9,72.6,,9.7,278,4.6,49,31,4,2,1,13,109.7,1,0
2016,Charles Clay,6326,TE,15,BUF,81,57,70.4,552,4,68.2,62.8,46.1,80.4,70.2,9.7,194,3.4,40,22,7,0,0,5,105.6,3,2
2016,Coby Fleener,7038,TE,16,NO,80,50,62.5,631,3,61.5,59.9,58.1,24.5,82.5,12.6,192,3.8,50,27,3,3,2,1,83.9,3,1
2016,Randall Cobb,6216,WR,13,GB,80,60,75,610,4,69.9,70.9,90.8,51.9,73,10.2,363,6.1,47,36,0,1,0,11,107.8,1,1
2016,Cameron Brate,9207,TE,15,TB,78,57,73.1,660,8,80.5,81.1,82.5,41.8,74.8,11.6,148,2.6,38,40,2,0,1,3,132.4,0,0
2016,Mohamed Sanu,7084,WR,15,ATL,78,59,75.6,653,4,74.6,72.7,83.7,45.5,73.8,11.1,299,5.1,59,33,2,0,1,7,117.1,2,1
2016,Gary Barnidge,4455,TE,16,CLV,77,55,71.4,612,2,68.6,67.6,69.4,80.2,79.5,11.1,211,3.8,43,34,4,0,0,1,103.4,0,0
2016,Tajae Sharpe,10774,WR,16,TEN,77,41,53.2,522,2,60.8,60.4,74.8,78.5,,12.7,88,2.1,34,27,2,1,0,2,77.9,3,0
2016,Adam Humphries,10075,WR,15,TB,77,55,71.4,622,2,66,65.8,76.7,63.1,67.8,11.3,393,7.1,42,27,3,3,0,6,87.7,1,0
2016,Tyler Boyd,10689,WR,16,CIN,76,54,71.1,603,1,65.1,64.4,74,80.4,64.9,11.2,213,3.9,30,33,3,3,1,2,82.3,1,0
2016,Jermaine Kearse,7428,WR,16,SEA,76,41,53.9,510,1,55.7,56.1,68.3,78.5,78.1,12.4,138,3.4,36,24,3,4,0,5,57.5,8,1
2016,James White,8765,HB,16,NE,76,60,78.9,551,5,68.6,81.4,66.7,85.7,73.8,9.2,520,8.7,61,26,4,0,0,12,118.8,1,0
2016,Seth Roberts,9079,WR,16,OAK,75,38,50.7,397,5,58.6,55.3,30,78.3,61.4,10.4,206,5.4,41,22,9,1,0,10,83,6,0
2016,Robby Anderson,11254,WR,16,NYJ,75,42,56,587,2,58,56.4,39.2,34.3,,14,118,2.8,52,18,6,5,1,3,62.5,1,0
2016,Kenny Stills,7926,WR,16,MIA,75,42,56,726,9,67.7,69.2,68,78.5,,17.3,187,4.5,74,31,3,5,0,5,100.9,6,3
2016,Brian Quick,7037,WR,16,LA,75,41,54.7,564,3,60.5,61.3,52.6,78.4,65.7,13.8,172,4.2,65,21,5,3,0,4,75.6,5,1
2016,Lance Kendricks,6199,TE,16,LA,74,50,67.6,499,2,63.7,61.6,40.7,38.8,68.6,10,273,5.5,44,22,7,4,1,5,73,2,0
2016,Jack Doyle,8520,TE,16,IND,72,59,81.9,584,5,75.1,75.5,77,43.4,57,9.9,240,4.1,24,32,3,2,1,4,112,5,1
2016,Michael Floyd,7019,WR,15,NE,72,37,51.4,488,5,66.3,63.7,49,77.9,86.4,13.2,68,1.8,39,31,5,3,0,0,78.9,5,0
2016,Jeremy Maclin,4942,WR,12,KC,72,44,61.1,536,2,63.7,65.9,45.9,78.9,67.5,12.2,134,3,44,29,6,3,0,3,75.9,1,0
2016,Ryan Griffin,7982,TE,16,HST,72,50,69.4,442,2,55.9,55.7,59.5,38.1,64.4,8.8,159,3.2,45,19,5,1,1,4,89,3,0
2016,Robert Woods,7822,WR,13,BUF,71,51,71.8,613,1,71.4,71.5,59.3,79.7,,12,127,2.5,34,32,3,1,0,3,96.7,4,0
2016,Travis Benjamin,7100,WR,14,SD,71,47,66.2,677,4,67.2,67.3,55.3,36.4,,14.4,250,5.3,54,26,5,2,3,6,104,2,2
2016,Bilal Powell,6278,HB,16,NYJ,69,58,84.1,388,2,77.8,63.7,76.3,76,63.3,6.7,423,7.3,22,22,3,1,1,13,93.7,0,0
2016,Will Tye,10070,TE,16,NYG,68,48,70.6,395,1,57.1,57.8,71.1,79.1,64.3,8.2,194,4,27,16,3,4,0,9,65.5,1,1
2016,Duke Johnson Jr.,9510,HB,16,CLV,68,53,77.9,514,0,64.6,71,74,35.3,68.9,9.7,435,8.2,32,23,3,2,1,21,85.9,0,0
2016,Victor Cruz,5827,WR,15,NYG,68,39,57.4,586,1,61.3,60.1,49,29.3,65.5,15,196,5,48,25,5,1,1,5,84.6,1,0
2016,Dorial Green-Beckham,9473,WR,15,PHI,67,36,53.7,392,2,59.9,60.5,40.4,77.7,,10.9,147,4.1,26,25,6,2,0,5,68.8,5,0
2016,J.J. Nelson,9592,WR,15,ARZ,67,34,50.7,568,6,69.5,67.2,37.2,30.1,,16.7,173,5.1,80,26,6,2,1,4,97.1,0,0
2016,Allen Hurns,8931,WR,11,JAX,67,35,52.2,477,3,57.1,56.9,30,28.7,72,13.6,205,5.9,42,22,7,2,1,1,77.8,1,0
2016,Martellus Bennett,4375,TE,16,NE,67,55,82.1,701,7,79.5,80.7,74.8,80.3,71.1,12.7,412,7.5,58,31,2,0,0,9,145.1,3,0
2016,John Brown,8726,WR,15,ARZ,66,39,59.1,517,2,71.4,70.2,90.1,48.3,,13.3,111,2.8,30,28,1,4,0,2,68.8,1,0
2016,Chris Conley,9509,WR,16,KC,65,44,67.7,530,0,61.9,60.1,68,31.2,,12,158,3.6,39,29,3,1,1,1,86.1,1,0
2016,Eli Rogers,9878,WR,13,PIT,65,48,73.8,594,3,67,67.3,71.1,42.4,,12.4,208,4.3,39,24,3,3,0,3,97.9,1,0
2016,Breshad Perriman,9459,WR,16,BLT,64,33,51.6,499,3,64.2,63.4,36.1,77.4,,15.1,174,5.3,53,19,5,4,0,2,67.1,0,0
2016,DeMarco Murray,6223,HB,16,TEN,64,53,82.8,377,3,69.5,70.4,87.6,69.2,83.6,7.1,364,6.9,35,20,1,0,0,4,106.8,3,0
2016,Cordarrelle Patterson,7810,WR,16,MIN,64,52,81.3,453,2,64.5,64,80.1,58.1,67.1,8.7,327,6.3,39,22,1,1,0,10,100.1,3,0
2016,Darren Sproles,2347,HB,15,PHI,63,52,82.5,427,2,67.8,66.9,66,90.2,77.6,8.2,427,8.2,73,18,4,0,0,7,105.5,1,0
2016,Marquise Goodwin,7859,WR,15,BUF,63,29,46,431,3,62.1,62.3,68.1,76.6,,14.9,95,3.3,84,20,3,4,0,2,58.4,4,1
2016,Nelson Agholor,9453,WR,15,PHI,62,36,58.1,365,2,52.6,52.4,33,35.3,65.9,10.1,109,3,40,15,7,3,1,6,65.6,3,0
2016,Tyler Lockett,9502,WR,15,SEA,62,41,66.1,597,1,68.9,65.1,69.3,89.1,,14.6,223,5.4,57,22,3,1,0,1,96,1,0
2016,Theo Riddick,7980,HB,10,DET,62,53,85.5,371,5,72,80.1,67.4,89.2,77.2,7,380,7.2,23,20,4,0,0,14,118.5,0,0
2016,Zach Miller,5104,TE,10,CHI,62,47,75.8,486,4,73,72.7,85.9,79.1,69.5,10.3,222,4.7,34,28,1,1,0,7,112.7,1,0
2016,Corey Coleman,10649,WR,10,CLV,62,33,53.2,413,3,61.7,61.9,51.9,77.5,,12.5,100,3,58,17,4,3,0,8,70.2,3,0
2016,Devonta Freeman,8738,HB,16,ATL,61,54,88.5,462,2,74.3,74,74.5,84.3,63.3,8.6,424,7.9,35,22,3,1,0,10,102.3,0,0
2016,Terrance Williams,7855,WR,16,DAL,61,44,72.1,594,4,71.7,70.3,84,31.2,60.9,13.5,164,3.7,47,34,1,0,1,6,124.6,2,1
2016,T.J. Yeldon,9469,HB,15,JAX,60,50,83.3,312,1,66.2,69.6,79.9,60.5,64,6.2,371,7.4,17,16,2,1,0,13,86.9,0,0
2016,Quinton Patton,7910,WR,14,SF,59,37,62.7,408,0,62.1,58.6,55.9,29.7,61.6,11,199,5.4,45,21,4,1,1,5,76.1,1,0
2016,Vernon Davis,2951,TE,16,WAS,59,44,74.6,583,2,76,82.5,69.3,78.8,64,13.3,228,5.2,44,22,2,2,0,13,102.6,6,0
2016,Chris Thompson,7936,HB,16,WAS,59,49,83.1,349,2,63.2,57.8,70.9,50,68.3,7.1,252,5.1,38,18,3,0,1,9,102.6,0,0
2016,Trey Burton,9185,TE,15,PHI,58,37,63.8,327,1,65.7,66,48.7,77.8,61,8.8,138,3.7,32,20,4,1,0,3,77.3,2,1
2016,Jermaine Gresham,5546,TE,16,ARZ,58,37,63.8,391,2,63.8,63.4,47.5,28.9,49.3,10.6,144,3.9,34,19,5,1,1,7,87.6,10,0
2016,Jesse James,9593,TE,16,PIT,57,39,68.4,338,3,62.5,54.6,58.4,78.1,61.1,8.7,125,3.2,24,20,4,3,0,2,79.4,3,0
2016,Phillip Dorsett,9462,WR,15,IND,56,33,58.9,528,2,56.5,55.1,51.7,28.5,70.2,16,151,4.6,64,20,4,3,1,2,80.1,0,0
2016,Todd Gurley II,9443,HB,16,LA,55,43,78.2,327,0,57.3,63.2,68.9,76.9,71.8,7.6,352,8.2,33,15,3,1,0,13,83.9,2,1
2016,Donte Moncrief,8725,WR,9,IND,54,30,55.6,307,7,73.4,71.2,68.2,76.9,,10.2,75,2.5,39,22,2,2,0,3,96.2,0,0
2016,LeSean McCoy,4976,HB,15,BUF,54,50,92.6,356,1,78.6,86.8,87.2,77,50.8,7.1,403,8.1,41,18,1,0,0,18,100.3,1,0
2016,Chris Hogan,6468,WR,15,NE,54,38,70.4,680,4,61.7,61.3,81.9,30.8,,17.9,233,6.1,79,23,1,1,1,4,129.8,4,2
2016,Devin Funchess,9474,WR,15,CAR,54,23,42.6,371,4,64.4,65.8,29.1,75.3,66.3,16.1,108,4.7,48,20,6,1,0,3,83.2,7,2
2016,Melvin Gordon III,9448,HB,13,SD,53,41,77.4,419,2,68.9,70.9,83.6,75.3,68.8,10.2,420,10.2,35,21,1,0,0,11,112.1,0,0
2016,Mark Ingram II,6180,HB,16,NO,52,46,88.5,319,4,71.2,79.6,85,70.8,69.2,6.9,329,7.2,22,18,1,0,0,5,117.9,3,0
2016,Jerick McKinnon,8731,HB,15,MIN,51,43,84.3,255,2,59.3,67.6,76.3,90.5,78.5,5.9,277,6.4,41,15,2,0,0,12,100.6,1,0
2016,Andrew Hawkins,6125,WR,16,CLV,50,33,66,324,3,58.1,57,69.8,77.5,62.3,9.8,137,4.2,33,20,2,0,0,6,104.1,1,0
2016,Jared Cook,5012,TE,10,GB,50,30,60,377,1,70.7,71.5,67.5,27.2,76.5,12.6,149,5,47,19,2,0,1,2,90.2,2,0
2016,Albert Wilson,8943,WR,16,KC,50,31,62,279,2,54.1,54.6,58.7,77.5,,9,164,5.3,42,10,3,0,0,3,90.3,3,0
2016,Sammy Watkins,8639,WR,8,BUF,50,28,56,430,2,73.7,73,56.1,76.1,,15.4,48,1.7,62,20,3,1,0,2,89.6,1,0
2016,Travaris Cadet,7457,HB,15,NO,50,40,80,281,4,65.4,68.1,59.9,84.1,81.3,7,206,5.2,25,18,4,1,0,7,108.4,2,0
2016,Ty Montgomery,9527,HB,14,GB,49,44,89.8,348,0,73.7,67.3,77,51.8,72.4,7.9,331,7.5,24,18,2,1,1,6,87.8,0,0
2016,Clive Walford,9501,TE,15,OAK,49,33,67.3,359,3,58,55.8,44.1,77.1,81.7,10.9,125,3.8,31,19,5,0,0,1,109.1,6,1
2016,Sammie Coates,9520,WR,14,PIT,49,21,42.9,435,2,60.4,60.4,27.8,78.4,,20.7,115,5.5,72,15,7,3,0,3,62.9,1,0
2016,Dwayne Allen,7066,TE,14,IND,48,35,72.9,406,6,64.6,66,72,29.1,38.6,11.6,122,3.5,23,25,2,1,1,0,129,4,1
2016,Giovani Bernard,7818,HB,10,CIN,48,39,81.3,336,1,66.4,70.1,76.3,69.2,80.1,8.6,260,6.7,32,16,2,0,1,7,102.8,1,0
2016,Isaiah Crowell,9295,HB,16,CLV,47,40,85.1,319,0,67.5,72.2,52,69.2,58.4,8,340,8.5,44,14,5,0,0,12,94.9,0,0
2016,Hunter Henry,10669,TE,15,SD,47,36,76.6,478,8,83,85.7,71.6,27,79,13.3,197,5.5,59,30,2,0,1,3,147.9,4,0
2016,Garrett Celek,7274,TE,16,SF,47,29,61.7,350,3,58.3,55.6,30.1,20.1,55.5,12.1,115,4,31,19,6,1,2,1,96.9,3,0
2016,Julius Thomas,6281,TE,9,JAX,47,30,63.8,281,4,61.8,63.2,69,76.8,45.1,9.4,103,3.4,24,15,2,0,0,0,108.6,2,1
2016,Jordan Howard,10784,HB,15,CHI,46,29,63,298,1,73.8,41,28.8,74.1,81.9,10.3,323,11.1,34,11,8,1,1,12,79.8,2,0
2016,Kamar Aiken,6671,WR,16,BLT,46,29,63,328,1,60.5,57.8,68.1,76.6,73.9,11.3,99,3.4,29,18,2,0,0,2,91.6,1,0
2016,Taylor Gabriel,9002,WR,13,ATL,46,35,76.1,579,6,85.8,84.2,80.1,78,62.4,16.5,282,8.1,76,21,1,1,0,6,148.1,1,0
2016,Malcolm Mitchell,10746,WR,14,NE,45,32,71.1,401,4,67.9,66.7,60.7,77,,12.5,162,5.1,56,22,4,1,0,6,118.8,3,1
2016,Torrey Smith,6210,WR,12,SF,45,20,44.4,267,3,53.9,52.2,27.8,75.2,,13.4,62,3.1,53,14,6,3,0,2,58.3,1,1
2016,Corey Brown,8986,WR,16,CAR,45,27,60,276,1,57.5,57.4,75.5,76.2,,10.2,122,4.5,27,16,1,1,1,1,75.8,1,1
2016,Eddie Royal,4356,WR,9,CHI,44,33,75,369,2,65.1,64.2,79.9,45,,11.2,194,5.9,64,16,1,0,1,4,114.7,1,1
2016,Frank Gore,2282,HB,16,IND,44,38,86.4,277,4,59.6,65.4,82.2,75.1,58.9,7.3,299,7.9,49,14,1,0,0,8,123.2,0,0
2016,Vance McDonald,7836,TE,11,SF,43,24,55.8,391,4,68.7,70,51.6,75.3,68.8,16.3,209,8.7,75,13,3,1,0,3,107.8,1,0
2016,Richard Rodgers,8733,TE,16,GB,43,30,69.8,271,2,58.1,56.2,50.5,85.4,70.8,9,105,3.5,22,13,4,1,0,2,92.3,1,0
2016,Kyle Juszczyk,7912,FB,16,BLT,42,37,88.1,266,0,75.6,71.1,82.8,79.2,91,7.2,224,6.1,40,12,1,0,0,5,93.1,0,0
2016,Spencer Ware,7975,HB,14,KC,42,33,78.6,447,2,73.2,90.5,79.4,45.7,73.9,13.5,385,11.7,46,17,1,1,1,14,117,0,0
2016,Rashad Jennings,5174,HB,13,NYG,41,35,85.4,201,1,54.7,55.6,70.9,79.3,85.6,5.7,273,7.8,24,8,2,0,1,6,95.2,0,0
2016,Kendall Wright,7026,WR,11,TEN,41,29,70.7,416,3,72.1,71.5,76.7,77.5,65.4,14.3,122,4.2,48,18,2,2,0,2,107.4,1,1
2016,Kenneth Dixon,10768,HB,12,BLT,40,30,75,162,1,72.5,52.1,48.7,66.9,39.9,5.4,186,6.2,16,7,4,1,0,9,79.4,1,0
2016,Terrance West,8729,HB,16,BLT,40,34,85,236,1,74,79.8,79.9,67.9,67.3,6.9,249,7.3,17,11,1,0,0,6,99.6,1,0
2016,Jalen Richard,11395,HB,16,OAK,39,29,74.4,194,2,81,82.7,56.8,90.8,83.6,6.7,162,5.6,29,8,3,0,0,7,101.9,0,0
2016,Russell Shepard,8254,WR,13,TB,39,23,59,341,2,78.5,75.6,73.7,75.6,,14.8,79,3.4,24,19,1,2,0,2,83.4,1,1
2016,Tyler Eifert,7802,TE,8,CIN,39,29,74.4,394,5,80.7,83.1,77.5,76.5,61.8,13.6,145,5,71,23,2,2,0,0,124.4,4,0
2016,Brandon Coleman,9086,WR,16,NO,38,26,68.4,281,3,69.4,66.9,64.3,75.7,82.5,10.8,68,2.6,38,16,2,2,0,0,94.3,3,1
2016,Josh Bellamy,7472,WR,12,CHI,38,19,50,282,1,70.8,67.9,28,76.3,,14.8,50,2.6,31,13,5,1,0,4,72.5,0,0
2016,Latavius Murray,7962,HB,14,OAK,38,33,86.8,264,0,65.3,65.4,79.9,68.3,84.9,8,282,8.5,39,11,1,0,0,8,95.6,0,0
2016,Matt Asiata,6432,HB,16,MIN,38,32,84.2,263,0,59.3,59.7,44.4,73.7,67.7,8.2,268,8.4,31,9,5,0,0,5,95.5,1,0
2016,Ezekiel Elliott,10638,HB,15,DAL,37,32,86.5,363,1,76.4,64.2,78.4,61.3,61.3,11.3,392,12.3,83,11,1,0,0,9,116.6,3,0
2016,Charles Johnson,7998,WR,16,MIN,37,20,54.1,232,0,60.4,60.1,70.7,75,,11.6,71,3.6,40,11,1,0,0,2,73.3,1,0
2016,Devontae Booker,10770,HB,16,DEN,37,31,83.8,265,1,55.3,53.5,78,36.5,74,8.5,260,8.4,43,8,1,0,2,6,105.5,1,0
2016,C.J. Uzomah,9590,TE,10,CIN,37,25,67.6,234,1,63,63.3,43.3,75.5,56.4,9.4,98,3.9,54,14,4,1,0,3,82.5,2,0
2016,Matt Forte,4358,HB,14,NYJ,37,30,81.1,263,1,63.8,56.5,49.9,82.4,76,8.8,283,9.4,40,10,4,1,0,6,94,0,0
2016,Shaun Draughn,6440,HB,14,SF,37,29,78.4,263,2,61.1,57.2,58,62.8,43.1,9.1,190,6.6,29,10,3,0,1,6,114.3,2,2
2016,Tevin Coleman,9506,HB,13,ATL,37,31,83.8,421,3,71.5,85.2,60.7,72.2,71.6,13.6,381,12.3,49,16,3,0,0,1,141.1,0,0
2016,Rob Gronkowski,5567,TE,8,NE,36,25,69.4,540,3,90.2,91,74.4,75.5,80.3,21.6,217,8.7,53,20,1,0,0,7,139.8,5,0
2016,Deonte Thompson,7513,WR,13,CHI,36,22,61.1,249,2,70.5,69.5,73.5,50.4,,11.3,43,2,24,18,1,0,0,4,100.3,3,0
2016,Lamar Miller,7097,HB,14,HST,36,31,86.1,188,1,63.2,67.8,88.3,75.4,77.4,6.1,173,5.6,16,9,0,0,0,8,97.7,0,0
2016,Charcandrick West,9047,HB,15,KC,34,28,82.4,188,2,61.3,68.7,76.7,87.8,85.4,6.7,201,7.2,28,10,1,0,0,4,109.3,1,0
2016,Kevin White,9440,WR,4,CHI,34,19,55.9,187,0,66,66,70.7,74.8,,9.8,58,3.1,32,8,1,1,0,1,59.3,1,0
2016,Dion Sims,7888,TE,14,MIA,34,26,76.5,256,4,59.9,59.8,75.1,75.7,56.8,9.8,135,5.2,28,14,1,2,0,3,111.9,3,0
2016,Virgil Green,6356,TE,12,DEN,34,22,64.7,237,1,67.4,61.9,50,75,68.5,10.8,101,4.6,31,13,3,0,0,4,94.9,2,1
2016,Robert Turbin,7106,HB,15,IND,33,26,78.8,179,1,66.1,55.2,54.2,55,90,6.9,214,8.2,19,9,3,0,0,6,99.4,0,0
2016,Charone Peake,10875,WR,13,NYJ,33,19,57.6,186,0,59,57.7,58.1,74.4,,9.8,73,3.8,27,7,2,2,0,4,48.3,0,0
2016,Jay Ajayi,9582,HB,15,MIA,33,27,81.8,151,0,80.3,58.8,57.2,53.7,69.7,5.6,131,4.9,15,8,2,0,0,5,85.7,5,1
2016,Paul Richardson Jr.,8680,WR,15,SEA,32,21,65.6,288,1,70.5,70.5,71.5,77.3,,13.7,95,4.5,39,17,1,1,0,1,91.7,1,0
2016,Carlos Hyde,8692,HB,13,SF,32,27,84.4,163,3,63.6,55.6,75.5,32.7,70.7,6,149,5.5,19,7,1,0,1,3,119.1,1,0
2016,Ricardo Louis,10748,WR,14,CLV,32,18,56.3,205,0,57.9,57.1,43.3,27.4,66.1,11.4,93,5.2,42,7,3,1,1,4,62.6,2,0
2016,Ladarius Green,7110,TE,6,PIT,32,18,56.3,304,1,78.4,82.8,68.7,73.9,75.3,16.9,93,5.2,37,12,1,1,0,3,85.9,2,0
2016,Jordan Norwood,5358,WR,14,DEN,32,21,65.6,232,1,51.5,51.7,72.1,26.8,,11,78,3.7,36,9,1,2,1,4,71.4,2,2
2016,Fozzy Whittaker,8547,HB,16,CAR,31,25,80.6,226,0,60.6,70.5,43.1,62.1,81.9,9,236,9.4,25,10,4,1,0,7,83.6,1,0
2016,Aldrick Robinson,6330,WR,16,ATL,31,20,64.5,323,2,78.2,76.7,84.1,75.7,,16.2,81,4.1,59,14,0,0,0,1,120.8,0,0
2016,Bryan Walters,6139,WR,10,JAX,31,24,77.4,231,2,62.9,63.2,73.5,39.2,,9.6,97,4,23,15,1,0,0,2,119.2,1,1
2016,Chester Rogers,10918,WR,13,IND,31,19,61.3,273,0,59.3,61.9,71.3,81,,14.4,44,2.3,36,14,1,2,1,2,63,5,0
2016,Jacob Tamme,4441,TE,8,ATL,30,22,73.3,210,3,70.4,71.9,85.1,75,67.1,9.5,94,4.3,19,13,0,1,0,4,111.8,1,0
2016,Demetrius Harris,8524,TE,16,KC,30,17,56.7,123,1,46.2,43.6,28,24.3,55.3,7.2,49,2.9,13,9,6,0,1,5,77.5,3,0
2016,Brice Butler,7991,WR,16,DAL,30,16,53.3,219,3,61.1,63.2,67.7,73.6,,13.7,19,1.2,41,11,1,1,0,1,96.4,3,0
2016,Vincent Jackson,2278,WR,5,TB,30,15,50,173,0,60.7,57,41.9,73.6,,11.5,18,1.2,18,8,3,2,0,0,40,0,0
2016,Justin Hardy,9540,WR,15,ATL,30,21,70,203,4,75.5,73.6,84.5,76.3,62.3,9.7,51,2.4,27,17,0,0,0,1,128.2,1,0
2016,Charles Sims,8704,HB,7,TB,29,24,82.8,190,1,58.7,68,75,55.2,66.4,7.9,179,7.5,33,9,1,2,0,6,76.7,0,0
2016,Cobi Hamilton,7978,WR,11,PIT,28,17,60.7,234,2,62.6,62.3,82.2,76.3,,13.8,24,1.4,39,13,0,0,0,1,111.3,1,0
2016,Marcedes Lewis,2973,TE,10,JAX,28,20,71.4,169,1,66.2,69.1,83.6,74.4,71.3,8.5,113,5.7,37,10,0,0,0,4,98.7,2,1
2016,Danny Amendola,4717,WR,12,NE,28,23,82.1,243,4,65.3,65.1,84.9,42.4,,10.6,70,3,32,14,0,0,1,0,142.4,1,0
2016,Damien Williams,9205,HB,15,MIA,28,23,82.1,249,3,76.4,81.7,85.3,48,62.3,10.8,216,9.4,58,10,0,0,1,8,139.4,1,1
2016,Braxton Miller,10719,WR,10,HST,27,15,55.6,99,1,50.8,50.9,52.8,76.7,,6.6,52,3.5,12,6,2,2,0,3,45.1,0,0
2016,Christine Michael,7843,HB,15,GB,27,22,81.5,107,1,59.5,44.4,60.9,56.9,75.8,4.9,123,5.6,13,4,2,0,1,3,95.5,1,0
2016,Rod Streater,7416,WR,16,SF,27,18,66.7,191,2,65.5,64,57.1,74.1,,10.6,80,4.4,25,13,2,0,0,1,111.8,0,0
2016,DeAngelo Williams,2972,HB,8,PIT,26,18,69.2,118,2,65,53.6,55.9,88.1,67.3,6.6,121,6.7,20,6,3,0,0,6,104.3,0,0
2016,Cody Core,10833,WR,8,CIN,26,17,65.4,200,0,60.7,60.3,68,73.6,,11.8,118,6.9,50,7,1,0,0,1,88.6,0,0
2016,Chris Ivory,6007,HB,11,JAX,26,20,76.9,186,0,53.3,66,70.5,24.8,54.1,9.3,185,9.3,37,9,2,0,0,3,96,1,0
2016,Justin Forsett,4547,HB,9,DEN,26,20,76.9,85,0,53.1,54.2,60.3,42.4,66,4.3,98,4.9,11,4,1,1,0,0,63.8,0,0
2016,Tyler Higbee,10744,TE,16,LA,26,11,42.3,85,1,45.3,39,29.9,71.5,74.8,7.7,24,2.2,31,3,3,1,0,0,47.8,3,0
2016,Josh Ferguson,10907,HB,10,IND,25,20,80,136,0,49.2,55,46.6,79.9,22.2,6.8,161,8.1,14,5,3,0,0,3,89.3,0,0
2016,Austin Hooper,10715,TE,14,ATL,25,19,76,271,3,62.9,61.7,46.8,76,87.4,14.3,88,4.6,44,16,3,0,0,0,150.2,1,0
2016,Jeremy Hill,8690,HB,15,CIN,25,21,84,174,0,63.4,64.1,84.5,90.9,40.3,8.3,169,8,25,6,0,0,0,3,95.7,1,0
2016,Andre Roberts,5612,WR,16,DET,25,14,56,188,1,60.5,61.9,64.4,58.6,,13.4,60,4.3,44,9,1,0,0,0,93.4,0,0
2016,James Starks,5716,HB,9,GB,24,19,79.2,134,2,50.5,41.6,57.1,58,71.1,7.1,169,8.9,31,4,2,0,1,2,117.7,0,0
2016,Jaron Brown,8128,WR,6,ARZ,24,11,45.8,187,1,66.1,64.1,78.7,71.5,85.3,17,55,5,51,5,0,2,0,1,51.9,0,0
2016,Mychal Rivera,7965,TE,13,OAK,24,18,75,192,1,64.4,63.1,55.9,73.9,81,10.7,61,3.4,27,11,2,1,0,0,94.4,0,0
2016,Ben Koyack,9662,TE,12,JAX,24,19,79.2,161,1,61.9,56.5,69.9,74.1,76.2,8.5,50,2.6,17,10,1,0,0,0,108.5,0,0
2016,Cecil Shorts,6266,WR,9,TB,24,11,45.8,152,0,60.7,60.3,60.6,72.4,,13.8,24,2.2,22,8,1,1,0,0,49.3,0,0
2016,Jeremy Langford,9539,HB,12,CHI,24,19,79.2,142,0,54.4,59.3,58.3,30,77.1,7.5,138,7.3,19,7,2,0,0,1,91.3,0,0
2016,Jordan Taylor,9793,WR,16,DEN,24,16,66.7,209,2,62.1,62.1,67,22.8,,13.1,79,4.9,35,10,1,1,1,2,104.3,0,0
2016,Andre Holmes,6489,WR,16,OAK,23,14,60.9,126,3,71.1,69.7,64.7,72.7,,9,29,2.1,23,9,1,0,0,2,115.2,1,1
2016,Bobby Rainey Jr.,7511,HB,11,NYG,23,20,87,153,0,74.2,84.3,83.6,82.7,83.8,7.7,181,9.1,24,7,0,0,0,7,94.4,0,0
2016,Tim Hightower,4463,HB,14,NO,23,22,95.7,200,1,55,71.5,72.1,90.1,53.4,9.1,211,9.6,50,11,0,0,0,4,117.4,0,0
2016,Walter Powell,8831,WR,9,BUF,23,14,60.9,142,0,57.5,58.4,38.1,73,66.2,10.1,41,2.9,35,7,3,0,0,1,78.5,3,1
2016,Jaelen Strong,9503,WR,8,HST,23,14,60.9,131,0,55.1,53.7,64.7,72.7,,9.4,26,1.9,36,4,1,1,0,0,58.4,1,0
2016,Justin Hunter,7815,WR,13,BUF,23,10,43.5,189,4,62.3,61.6,58.9,71.1,,18.9,27,2.7,64,10,1,1,0,0,94,0,0
2016,DeAndre Washington,10777,HB,14,OAK,22,17,77.3,115,0,67.4,56.8,67.7,64.4,81,6.8,119,7,18,4,1,1,0,1,69.3,0,0
2016,Lance Dunbar,7332,HB,13,DAL,22,16,72.7,122,0,55.2,57,54.8,28,22.8,7.6,88,5.5,16,5,2,0,1,2,85.8,1,1
2016,Dion Lewis,6301,HB,7,NE,22,17,77.3,94,0,69.4,71.7,67.7,85.7,54.4,5.5,80,4.7,16,4,1,0,0,5,84.3,0,0
2016,Jalin Marshall,11259,WR,10,NYJ,21,14,66.7,162,2,65.6,64.5,64.4,25.6,,11.6,46,3.3,27,9,1,1,1,2,101.7,0,0
2016,Erik Swoope,9303,TE,16,IND,21,15,71.4,297,1,74.3,79.5,51.2,73,77.3,19.8,131,8.7,45,12,2,0,0,0,129.6,1,0
2016,Xavier Grimble,9092,TE,11,PIT,21,11,52.4,118,2,60.8,60.8,61.8,71.9,56.8,10.7,38,3.5,20,8,2,0,0,1,100.9,3,1
2016,Harry Douglas,4398,WR,10,TEN,21,15,71.4,210,0,66.3,66.6,81.7,73.3,,14,59,3.9,35,10,0,1,0,3,83.4,1,0
2016,Zach Zenner,9761,HB,10,DET,21,18,85.7,196,0,63,69.1,82.7,64.5,64.4,10.9,199,11.1,33,9,0,0,0,3,105.6,1,0
2016,Larry Donnell,7638,TE,8,NYG,21,15,71.4,92,1,42.1,41.9,51.5,22.4,77.9,6.1,41,2.7,15,3,2,1,1,0,75.9,2,0
2016,Josh Huff,8721,WR,10,TB,21,16,76.2,113,1,63.6,65,54.5,80.3,,7.1,123,7.7,17,6,1,0,0,5,103.9,0,0
2016,Andre Johnson,1319,WR,8,TEN,21,9,42.9,85,2,55,52.8,60.2,71.5,,9.4,15,1.7,20,4,1,0,0,0,86.4,2,0
2016,Austin Seferian-Jenkins,8673,TE,9,NYJ,21,13,61.9,154,1,62.1,67.5,48,72.3,78.5,11.8,29,2.2,30,9,2,1,0,1,80.3,2,1
2016,Bennie Fowler,8914,WR,13,DEN,21,11,52.4,145,2,53.2,53.4,43.8,71.5,,13.2,67,6.1,76,5,2,0,0,0,106.3,1,0
2016,C.J. Anderson,8101,HB,7,DEN,20,16,80,128,1,61.9,62.5,54.5,89.1,83,8,117,7.3,25,6,2,0,0,5,110,0,0
2016,Daniel Brown,10144,TE,6,CHI,20,16,80,124,1,59.6,61,67,73.3,29.5,7.8,45,2.8,12,8,1,1,0,0,88.3,1,1
2016,Benny Cunningham,8283,HB,11,LA,20,16,80,91,0,58.3,57.2,53.1,51.5,80.8,5.7,81,5.1,12,5,2,0,0,4,85.6,0,0
2016,Geronimo Allison,11141,WR,10,GB,20,12,60,202,2,69,70.7,79.4,71.9,,16.8,51,4.3,39,11,0,0,0,1,127.5,1,1
2016,Rex Burkhead,7971,HB,9,CIN,20,17,85,145,0,75.9,67.5,82.9,62.3,73.7,8.5,149,8.8,18,8,0,0,1,4,96.9,0,0
2016,Paul Perkins,10783,HB,14,NYG,20,15,75,162,0,63.6,62.2,66.7,69.9,64.7,10.8,179,11.9,67,6,1,0,0,6,98.3,2,0
2016,Eric Decker,5611,WR,3,NYJ,20,9,45,194,2,71.5,70.1,58.9,71.1,,21.6,31,3.4,35,10,1,1,0,0,92.5,2,1
2016,Jerell Adams,10818,TE,12,NYG,20,16,80,122,1,55.1,55.9,81.7,22.8,74.4,7.6,73,4.6,14,8,0,0,1,2,108.8,1,0
2016,Luke Willson,7940,TE,11,SEA,19,15,78.9,129,2,64.5,62,81.1,74.3,64.7,8.6,74,4.9,19,7,0,1,0,0,108.1,3,0
2016,A.J. Derby,9635,TE,7,DEN,19,16,84.2,160,0,58.7,56.2,66.7,22.8,77.7,10,53,3.3,17,7,1,0,1,0,101.8,2,0
2016,Roger Lewis Jr.,11246,WR,11,NYG,19,7,36.8,97,2,51.7,50.9,28.4,69.5,,13.9,2,0.3,30,4,2,1,0,0,67.2,0,0
2016,Josh Hill,8200,TE,9,NO,19,15,78.9,149,1,58,53.7,51.2,73,68.5,9.9,80,5.3,35,5,2,0,0,1,116.9,0,0
2016,Shane Vereen,6208,HB,5,NYG,19,11,57.9,94,0,40.2,27.6,34.1,20.6,49.4,8.5,92,8.4,16,4,3,1,1,5,49,0,0
2016,James Wright,8873,WR,12,CIN,19,13,68.4,106,0,65.2,64.9,64.7,73.6,,8.2,38,2.9,15,7,1,0,0,3,82.3,1,1
2016,Pharoh Cooper,10751,WR,10,LA,19,14,73.7,106,0,52.8,54.4,50.1,81.3,,7.6,72,5.1,23,4,2,2,0,3,47.1,0,0
2016,Darrius Heyward-Bey,4930,WR,9,PIT,19,6,31.6,114,2,55.6,51.2,31.8,70.3,66.6,19,21,3.5,46,4,2,1,0,0,66.6,1,0
2016,Levine Toilolo,7915,TE,16,ATL,18,13,72.2,264,2,67.6,63.7,81.4,73.6,63.6,20.3,145,11.2,46,11,0,0,0,0,151.4,2,0
2016,C.J. Prosise,10724,HB,6,SEA,18,17,94.4,208,0,70.7,83.9,68.7,81.4,57.3,12.2,124,7.3,43,8,1,0,0,0,114.8,0,0
2016,Ryan Grant,8777,WR,15,WAS,18,9,50,76,0,54.3,54.2,60.2,72.4,,8.4,26,2.9,17,6,1,0,0,1,61.3,1,0
2016,Christopher Harper,9950,WR,9,SF,18,13,72.2,133,0,60.4,58.8,63.2,72.3,,10.2,52,4,19,6,1,0,0,0,93.1,1,0
2016,Thomas Rawls,9993,HB,9,SEA,17,13,76.5,96,0,66.8,59.1,63.2,88.8,86,7.4,88,6.8,20,4,1,0,0,2,89.3,0,0
2016,Darren Fells,8549,TE,14,ARZ,17,14,82.4,154,1,63,52.5,51.5,73,80.1,11,85,6.1,37,7,1,0,0,5,124,0,0
2016,Jonathan Grimes,7585,HB,9,HST,17,13,76.5,94,0,62.9,58.4,64.4,79.6,81.8,7.2,80,6.2,15,4,1,0,0,3,88.8,0,0
2016,Brent Celek,3778,TE,16,PHI,17,14,82.4,155,0,65.4,61.8,67.5,23.4,63.4,11.1,93,6.6,24,7,1,1,1,2,80.1,2,1
2016,Rob Kelley,11090,HB,12,WAS,17,12,70.6,82,1,59.7,31.2,27.6,90.4,55.9,6.8,75,6.3,22,6,4,0,0,4,100.6,1,1
2016,Jeff Janis,8870,WR,10,GB,17,11,64.7,93,1,53.1,52.9,60.2,76.3,43.3,8.5,34,3.1,25,4,1,0,0,0,98.4,2,0
2016,Ed Dickson,5595,TE,16,CAR,17,10,58.8,134,1,62.5,54.5,29.8,71.5,66.2,13.4,71,7.1,28,7,3,2,0,2,64,3,0
2016,John Kuhn,2686,FB,16,NO,17,16,94.1,70,1,64.6,55.5,66.7,78.8,83.8,4.4,51,3.2,11,5,1,0,0,1,103.4,3,0
2016,Chris Moore,10741,WR,11,BLT,16,7,43.8,46,0,50.3,52.8,35.3,24.7,,6.6,17,2.4,13,2,2,0,0,1,51,0,0
2016,Neal Sterling,9653,TE,6,JAX,16,12,75,110,0,59,63,62.1,71.9,77.1,9.2,52,4.3,17,6,1,0,0,0,93.2,2,0
2016,Marquess Wilson,8019,WR,3,CHI,16,9,56.3,160,1,74.6,72.4,38.7,70.6,,17.8,45,5,35,8,2,1,0,0,85.4,0,0
2016,Jonathan Stewart,4327,HB,13,CAR,16,8,50,60,0,63,40,28.1,55.4,84.8,7.5,72,9,25,1,4,0,0,2,59.4,0,0
2016,Doug Martin,7035,HB,8,TB,16,14,87.5,134,0,61.7,58.9,66.1,73.8,82.7,9.6,107,7.6,27,4,1,0,0,1,101.6,1,0
2016,Andre Ellington,7968,HB,16,ARZ,16,12,75,85,0,64.8,74.4,80,83.5,73.3,7.1,71,5.9,16,4,0,0,0,0,86.7,0,0
2016,MarQueis Gray,8286,TE,14,MIA,16,14,87.5,174,0,70.7,73.7,64.7,73.4,68,12.4,83,5.9,53,7,1,0,0,0,112,0,0
2016,Jacquizz Rodgers,6297,HB,10,TB,15,13,86.7,98,0,72.8,62.5,80.6,89.9,67.7,7.5,93,7.2,21,3,0,0,0,4,93.9,0,0
2016,Mike Tolbert,4740,FB,16,CAR,15,10,66.7,72,1,53.9,52.4,43.5,81.4,85.7,7.2,85,8.5,17,4,3,2,0,0,60.3,0,0
2016,Kenneth Farrow,10988,HB,9,SD,15,13,86.7,70,0,42.8,41.9,63.2,29,64.5,5.4,92,7.1,16,2,1,0,1,2,86.1,0,0
2016,Stephen Anderson,11160,TE,13,HST,15,11,73.3,93,1,64.1,61.4,60.2,71.5,,8.5,39,3.5,14,6,1,0,0,0,111.3,0,0
2016,Alfred Blue,8816,HB,13,HST,15,12,80,40,0,64.2,63,79.4,44.9,73.9,3.3,27,2.3,12,1,0,0,0,0,79.2,0,0
2016,Darren Waller,9637,TE,12,BLT,15,10,66.7,85,2,52.8,55,41.8,71.1,61.7,8.5,42,4.2,15,7,2,0,0,2,120.8,0,0
2016,Crockett Gillmore,8734,TE,7,BLT,14,8,57.1,71,1,63.4,54.9,76.5,70.1,64.5,8.9,32,4,22,5,0,0,0,0,94.6,1,0
2016,Brandon Myers,5126,TE,16,TB,14,7,50,59,1,52.2,50.5,56.7,70.6,73.8,8.4,14,2,12,4,1,0,0,0,85.1,2,0
2016,Brittan Golden,7481,WR,8,ARZ,14,8,57.1,82,1,58,55.7,54.9,28.6,,10.3,15,1.9,22,4,1,1,1,0,68.2,0,0
2016,Cody Latimer,8691,WR,11,DEN,14,8,57.1,76,0,60.5,58.4,76.5,76.1,,9.5,23,2.9,16,6,0,1,0,1,42.6,0,0
2016,Jarius Wright,7118,WR,8,MIN,14,11,78.6,67,1,61.1,60.8,61.8,71.9,,6.1,39,3.5,11,5,1,0,0,2,110.4,0,0
2016,Jamize Olawale,7572,FB,16,OAK,14,12,85.7,227,1,59.7,60.4,79.4,78.1,85.6,18.9,172,14.3,75,5,0,0,0,4,142.6,0,0
2016,Aaron Burbridge,10847,WR,14,SF,14,7,50,88,0,55.5,56.7,52.1,80.4,,12.6,42,6,24,5,1,0,0,1,69.9,1,0
2016,Ryan Mathews,5537,HB,13,PHI,14,13,92.9,115,1,62.7,63.9,63.5,43.2,57.3,8.8,112,8.6,27,7,1,0,0,2,124.7,0,0
2016,Derrick Henry,10679,HB,15,TEN,14,13,92.9,137,0,67,68.1,63.2,89,81.4,10.5,131,10.1,29,6,1,0,0,12,107.4,0,0
2016,T.J. Jones,8824,WR,3,DET,13,5,38.5,93,0,59.9,59.5,29.2,68,,18.6,28,5.6,36,2,2,1,0,0,31.9,0,0
2016,Paul Turner,11082,WR,4,PHI,13,9,69.2,126,0,61.2,60.1,57,71.6,,14,54,6,41,6,1,0,0,1,100.2,0,0
2016,John Phillips,5132,TE,16,NO,13,10,76.9,72,1,59.9,53.8,78,71.1,68.1,7.2,21,2.1,16,4,0,0,0,0,114.9,3,1
2016,Nick O'Leary,9627,TE,16,BUF,13,9,69.2,114,0,66.1,47.9,58.5,72,55.9,12.7,45,5,28,5,1,0,0,2,96.3,1,0
2016,Dwayne Washington,10870,HB,10,DET,13,10,76.9,62,0,52.8,50.6,41.4,87.6,55.2,6.2,74,7.4,11,5,2,0,0,2,86.1,1,0
2016,Jeff Heuerman,9525,TE,12,DEN,13,9,69.2,141,0,75.2,75.8,77.3,70.6,69.1,15.7,68,7.6,31,7,0,0,0,2,105,1,0
2016,De'Marcus Ayers,10863,WR,2,PIT,12,6,50,53,1,64.3,65.8,52.1,71.1,,8.8,31,5.2,15,3,1,0,0,1,89.9,0,0
2016,C.J. Spiller,5534,HB,6,NYJ,12,6,50,50,1,34,27.6,25.9,77.1,82.4,8.3,27,4.5,24,2,5,0,1,0,88.9,0,0
2016,Seth DeValve,10772,TE,11,CLV,12,10,83.3,127,2,75.7,77.5,78,80,76.6,12.7,46,4.6,25,7,0,0,0,3,150.3,1,0
2016,Rashard Higgins,10806,WR,15,CLV,12,6,50,77,0,61.5,60.3,52.1,69.5,,12.8,32,5.3,19,5,0,2,0,1,30.9,1,1
2016,Keith Mumphery,9608,WR,10,HST,12,10,83.3,69,0,51,49.7,78,71.1,,6.9,25,2.5,11,2,0,0,0,0,90.6,1,0
2016,Wendell Smallwood,10787,HB,10,PHI,12,6,50,55,0,45,47.5,49.7,62,56.6,9.2,51,8.5,18,1,1,1,0,1,28.1,1,0
2016,Tyler Kroft,9518,TE,14,CIN,12,10,83.3,92,0,56.6,48.3,58.5,71.1,62.5,9.2,29,2.9,21,3,1,1,0,0,63.9,0,0
2016,Anthony Fasano,2998,TE,16,TEN,12,8,66.7,83,2,78.7,53.6,76.5,70.1,78.1,10.4,39,4.9,17,6,0,0,0,0,126,3,0
2016,Bryce Treggs,11278,WR,8,PHI,12,3,25,80,0,57.2,56.9,70.5,68.7,,26.7,16,5.3,58,3,0,2,0,0,15.3,0,0
2016,Jordan Cameron,6254,TE,3,MIA,11,8,72.7,60,1,60.5,59.9,54.9,70.1,76.3,7.5,31,3.9,13,3,1,0,0,0,115.7,0,0
2016,Alex Collins,10805,HB,9,SEA,11,11,100,84,0,61.9,73.1,79.6,26,66.6,7.6,84,7.6,14,6,0,0,0,2,98.5,0,0
2016,Maurice Harris,11035,WR,10,WAS,11,8,72.7,66,0,68.5,65.1,76.5,72.9,36.3,8.3,8,1,15,4,0,1,0,0,49.8,0,0
2016,Mike Gillislee,7946,HB,15,BUF,11,9,81.8,50,1,79.2,58.2,78,66.5,54,5.6,45,5,18,1,0,0,0,3,115.9,0,0
2016,Rhett Ellison,7128,TE,15,MIN,11,9,81.8,57,0,69.3,55.2,78,71.7,77.5,6.3,34,3.8,21,2,0,0,0,0,88.3,1,0
2016,Brandon Tate,5006,WR,11,BUF,11,8,72.7,117,0,57.2,56.9,28.8,88.8,,14.6,51,6.4,34,6,2,0,0,0,107,1,0
2016,Ronnie Hillman,7069,HB,8,SD,11,7,63.6,93,0,56.5,51.1,52.5,82.1,25.6,13.3,101,14.4,32,3,1,0,0,0,90.3,0,0
2016,Tanner McEvoy,11288,WR,12,SEA,11,9,81.8,140,2,75.6,71.3,56.7,71.1,74.3,15.6,27,3,42,7,1,1,0,0,120.5,0,0
2016,Arrelious Benn,5564,WR,12,JAX,10,5,50,116,1,64.4,61.9,29.2,71.8,,23.2,54,10.8,51,3,2,0,0,2,125.4,0,0
2016,Brandon Bostick,7605,TE,16,NYJ,10,8,80,63,0,57.4,51.6,36,70.1,71.2,7.9,38,4.8,14,2,2,0,0,1,92.9,0,0
2016,Kenyan Drake,10707,HB,12,MIA,10,9,90,46,0,68.9,56.2,56.7,86.1,84.4,5.1,69,7.7,9,2,1,0,0,2,85.8,0,0
2016,Dominique Jones,6988,TE,8,MIA,10,7,70,61,1,81,78.5,54.5,70.1,66.4,8.7,44,6.3,24,3,1,0,0,1,119.2,0,0
2016,Freddie Martino,9292,WR,13,TB,10,8,80,142,1,66.2,66.9,76.5,70.1,,17.8,30,3.8,43,5,0,0,0,1,152.1,0,0
2016,Reggie Bush,2947,HB,10,BUF,10,7,70,90,0,65.6,90.7,78,28.3,83.2,12.9,42,6,25,6,0,0,0,3,97.9,0,0
2016,Aaron Ripkowski,9639,FB,14,GB,10,9,90,46,1,69.9,62.7,78,81.3,70.8,5.1,31,3.4,9,2,0,0,0,3,119.2,0,0
2016,Patrick DiMarco,6997,FB,16,ATL,10,7,70,52,1,71.4,53.3,75.6,70.6,50.4,7.4,31,4.4,18,3,0,0,0,0,115.4,1,0
2016,Dexter McCluster,5561,HB,6,SD,10,7,70,36,0,64.7,72.2,54.9,80.8,76.2,5.1,41,5.9,10,2,1,1,0,2,35.8,0,0
2016,Mike Thomas,10840,WR,14,LA,9,3,33.3,37,0,51.6,47.2,28,75,,12.3,13,4.3,16,2,2,0,0,1,47,0,0
2016,De'Anthony Thomas,8759,WR,10,KC,9,7,77.8,35,0,50.9,57.6,52.1,79.8,,5,31,4.4,15,2,1,0,0,0,82.9,1,0
2016,Tommylee Lewis,11231,WR,10,NO,9,7,77.8,76,0,64.8,66.4,52.1,82.7,,10.9,25,3.6,26,4,1,0,0,1,101.9,0,0
2016,David Johnson,5165,TE,16,PIT,9,7,77.8,80,0,68.2,64.8,76.5,70.1,81.1,11.4,50,7.1,26,5,0,1,0,0,64.1,3,1
2016,DuJuan Harris,6595,HB,6,SF,9,8,88.9,115,1,54,61.3,76.5,25.4,71.4,14.4,123,15.4,47,4,0,0,1,6,155.8,1,0
2016,Arian Foster,5398,HB,4,MIA,9,6,66.7,78,0,52,53.5,49.2,78.2,81.8,13,71,11.8,50,2,1,0,0,1,93.8,0,0
2016,Markus Wheaton,7860,WR,3,PIT,9,4,44.4,51,1,54.1,53.9,45.8,68,,12.8,8,2,30,2,1,0,0,0,99.8,0,0
2016,Antone Smith,5440,HB,3,TB,9,6,66.7,77,0,48.1,51.2,49.7,15.9,75.6,12.8,83,13.8,30,2,1,0,0,0,93.3,0,0
2016,Jerome Felton,4460,FB,14,BUF,9,6,66.7,57,0,68.4,44.2,29.7,75.3,59.5,9.5,37,6.2,22,4,2,0,0,0,84,0,0
2016,Rashad Greene Sr.,9572,WR,6,JAX,8,5,62.5,32,0,56.4,56.2,73.4,81.7,,6.4,18,3.6,9,1,0,1,0,1,31.3,0,0
2016,Kenjon Barner,7963,HB,12,PHI,8,5,62.5,42,0,47.3,45.4,29.8,82.5,50.5,8.4,51,10.2,15,3,2,0,0,2,76,1,0
2016,Matt Jones,9528,HB,7,WAS,8,8,100,73,0,67.2,62.8,77.3,44,64.1,9.1,56,7,16,4,0,0,0,0,104.7,1,0
2016,Blake Bell,9550,TE,12,SF,8,4,50,85,0,48.6,49.7,28.6,67,74.5,21.3,30,7.5,45,2,2,0,0,0,88,0,0
2016,Alex Erickson,11107,WR,11,CIN,8,6,75,71,0,61,63.8,74.6,88.5,,11.8,33,5.5,20,3,0,0,0,1,101.6,0,0
2016,Malcolm Johnson,9628,FB,7,CLV,7,5,71.4,44,0,50.6,78.4,73.4,17,74.1,8.8,57,11.4,21,2,0,0,0,0,87.8,0,0
2016,Keenan Allen,7857,WR,1,SD,7,6,85.7,63,0,88.3,85.3,74.6,68.8,,10.5,23,3.8,15,5,0,0,0,0,104.2,0,0
2016,Wendall Williams,11174,WR,2,HST,7,4,57.1,75,0,87.4,84.4,72.1,67,,18.8,10,2.5,32,3,0,0,0,0,94.3,0,0
2016,Knile Davis,7878,HB,8,KC,7,5,71.4,25,0,45.7,53.4,45.8,80.7,28.3,5,22,4.4,11,2,1,1,0,0,36.9,0,0
2016,Randall Telfer,9631,TE,14,CLV,7,2,28.6,4,0,53.7,36.1,31.6,64.8,79.6,2,11,5.5,7,0,1,0,0,0,39.6,1,0
2016,Alan Cross,10931,TE,13,TB,7,6,85.7,38,1,66.1,52.8,74.6,68.8,77.1,6.3,13,2.2,10,3,0,0,0,0,128.9,0,0
2016,Ka'Deem Carey,8752,HB,11,CHI,7,5,71.4,55,0,59.4,44.6,29.2,80.9,86.9,11,59,11.8,16,4,2,0,0,2,94.3,0,0
2016,Luke Stocker,6256,TE,11,TB,7,5,71.4,23,0,55.1,54.8,73.4,68,44.3,4.6,21,4.2,11,2,0,0,0,0,75.3,2,0
2016,Geoff Swaim,9679,TE,9,DAL,7,6,85.7,69,0,66.7,65,74.6,68.8,55.7,11.5,49,8.2,28,3,0,0,0,0,107.7,2,0
2016,Logan Paulsen,5795,TE,16,CHI,7,3,42.9,15,0,48.6,30.6,28.7,67,64.9,5,6,2,7,1,2,1,0,0,10.7,6,0
2016,LeGarrette Blount,5863,HB,16,NE,7,7,100,38,0,58.7,54.5,75.6,77.1,57.2,5.4,43,6.1,16,1,0,0,0,4,89.3,2,0
2016,Bradley Marquez,9914,WR,11,LA,7,3,42.9,37,0,49.4,54.9,42.1,68.3,66.2,12.3,22,7.3,13,3,1,0,0,1,59.8,0,0
2016,Leonte Carroo,10720,WR,7,MIA,6,3,50,29,1,54.2,55.4,70.5,65.8,,9.7,14,4.7,15,2,0,1,0,0,63.9,1,1
2016,Greg Salas,6264,WR,2,BUF,6,4,66.7,89,1,59.1,59.3,72.1,67,,22.3,33,8.3,71,3,0,0,0,0,149.3,0,0
2016,Peyton Barber,10927,HB,9,TB,6,5,83.3,28,0,59.4,43.9,46.3,84,47.2,5.6,15,3,11,1,1,0,0,0,86.1,1,0
2016,Gavin Escobar,7828,TE,13,DAL,6,4,66.7,30,1,51.6,52.5,72.1,68.7,77.8,7.5,9,2.3,14,2,0,1,0,0,78.5,2,0
2016,Eddie Lacy,7842,HB,5,GB,6,4,66.7,28,0,74.7,55.1,72.1,85.5,79.6,7,42,10.5,17,1,0,0,0,2,77.1,0,0
2016,Anthony Sherman,6288,FB,15,KC,6,4,66.7,11,0,61.8,41.4,41.6,67,79.7,2.8,9,2.3,6,0,1,0,0,0,70.1,0,0
2016,Danny Woodhead,4914,HB,2,SD,6,6,100,35,1,56.3,63,75.6,77.9,59.2,5.8,35,5.8,12,2,0,0,0,0,130.6,0,0
2016,Ben Braunecker,11335,TE,9,CHI,6,4,66.7,41,0,59.5,56.7,72.1,67,60.2,10.3,5,1.3,14,2,0,1,0,0,46.5,0,0
2016,Andy Janovich,10810,FB,10,DEN,6,5,83.3,44,0,67.4,63.5,73.4,71.6,83.9,8.8,32,6.4,13,4,0,0,0,0,97.2,0,0
2016,Nick Williams,8005,WR,2,ATL,6,5,83.3,59,0,93.6,92.2,73.4,68,,11.8,40,8,19,5,0,0,0,2,107.6,0,0
2016,Nick Boyle,9604,TE,6,BLT,6,6,100,44,0,70.8,63.1,74.6,70.1,67.9,7.3,23,3.8,20,1,0,0,0,0,97.2,1,0
2016,Devin Street,8781,WR,4,IND,6,1,16.7,20,0,46.7,47.9,28.8,61.2,,20,2,2,20,1,1,0,0,0,41,1,0
2016,Brenton Bersin,7516,WR,6,CAR,6,2,33.3,17,0,63.5,58.2,68.3,64,,8.5,2,1,10,2,0,0,0,0,42.4,0,0
2016,Lee Smith,6311,TE,4,OAK,6,6,100,29,0,63,55.9,74.6,68.8,76.8,4.8,30,5,12,0,0,0,0,0,86.8,3,0
2016,Trevor Davis,10797,WR,9,GB,6,3,50,24,1,55.5,55.2,28,23.9,,8,9,3,9,2,2,0,0,0,100,0,0
2016,Josh Doctson,10656,WR,2,WAS,6,2,33.3,66,0,57.7,57.8,68.3,64,,33,14,7,57,1,0,0,0,0,75.7,0,0
2016,Alfred Morris,7165,HB,13,DAL,5,3,60,11,0,51.5,56.6,70.5,85.6,34.4,3.7,9,3,6,0,0,1,0,2,25,0,0
2016,Phillip Supernaw,7324,TE,15,TEN,5,4,80,62,0,57.2,56,72.1,67,83.7,15.5,49,12.3,30,3,1,0,0,2,118.3,1,0
2016,Denard Robinson,7917,HB,6,JAX,5,3,60,22,0,56.2,44.4,36.2,82,35.9,7.3,31,10.3,11,1,1,0,0,0,70.4,0,0
2016,James Develin,6142,FB,15,NE,5,3,60,18,0,72.9,51.8,70.5,70.8,70,6,8,2.7,13,2,0,0,0,0,67.1,0,0
2016,Justin Perillo,9248,TE,8,GB,5,4,80,35,0,54.4,52.7,72.1,67,76.8,8.8,21,5.3,13,1,0,0,0,1,95.8,0,0
2016,Ameer Abdullah,9487,HB,2,DET,5,5,100,57,1,78.9,89.2,73.4,77.6,85.5,11.4,55,11,18,4,0,0,0,2,153.8,0,0
2016,Marcel Reece,4702,FB,4,SEA,5,5,100,73,0,72.2,75.8,74.6,70.6,78.6,14.6,31,6.2,31,2,0,0,0,1,118.8,0,0
2016,Mike Davis,9559,HB,5,SF,5,3,60,25,0,41.6,29.7,28.1,27.1,83.3,8.3,17,5.7,10,1,2,0,0,1,72.9,0,0
2016,Darren McFadden,4318,HB,3,DAL,5,3,60,17,0,59.1,36.6,28,78.9,77.6,5.7,23,7.7,11,1,2,0,0,2,66.3,0,0
2016,Ross Travis,10320,TE,6,KC,5,3,60,15,0,38.5,40.9,28,65.8,65.9,5,16,5.3,6,1,2,0,0,0,64.6,0,0
2016,Tyler Ervin,10753,HB,5,HST,5,3,60,18,0,49.2,47.1,36.2,47.8,,6,5,1.7,9,0,1,0,0,0,67.1,0,0
2016,Danny Vitale,10831,FB,9,CLV,5,4,80,27,0,65.7,49.8,41.6,67,83.6,6.8,33,8.3,17,2,1,0,0,1,89.2,0,0
2016,Joshua Perkins,11051,TE,8,ATL,5,3,60,42,1,46.8,53.9,36.2,65.8,73.6,14,16,5.3,26,2,1,0,0,0,126.7,2,0
2016,Orleans Darkwa,9173,HB,4,NYG,4,2,50,12,0,52.1,36.4,30,79.7,81.3,6,18,9,9,0,1,0,0,0,56.3,0,0
2016,Nick Vannett,10728,TE,9,SEA,4,3,75,32,0,58.2,46.6,36.2,65.8,74.2,10.7,13,4.3,21,1,1,0,0,0,97.9,0,0
2016,Quan Bray,9700,WR,3,IND,4,3,75,36,0,57.3,59.6,70.5,79.6,,12,14,4.7,22,1,0,0,0,0,102.1,0,0
2016,Jeremy Ross,6476,WR,2,ARZ,4,4,100,37,1,81.2,77.8,72.1,77.4,,9.3,7,1.8,15,4,0,0,0,0,144.8,0,0
2016,Tavarres King,7943,WR,5,NYG,4,2,50,50,0,58.7,58.3,68.3,64,,25,5,2.5,44,1,0,1,0,0,56.3,0,0
2016,Mike James,7970,HB,3,TB,4,4,100,22,0,52.5,43.7,41.6,71.1,79.1,5.5,14,3.5,6,0,0,0,0,0,89.6,0,0
2016,Corey Grant,9827,HB,6,JAX,4,4,100,35,1,67.1,60.3,72.1,83.4,64.8,8.8,31,7.8,15,2,0,0,0,1,142.7,0,0
2016,Byron Marshall,11076,HB,2,PHI,4,3,75,10,0,56.7,59.2,70.5,78.3,78.8,3.3,14,4.7,7,1,0,0,0,1,77.1,0,0
2016,Daniel Lasco,10871,HB,5,NO,4,2,50,11,0,54.7,60.7,68.3,74.4,24.8,5.5,12,6,7,0,1,0,0,0,56.3,0,0
2016,Taiwan Jones,6277,HB,7,OAK,4,4,100,43,0,72.2,84.4,72.1,75.6,71,10.8,61,15.3,16,3,0,0,0,3,111.5,1,1
2016,Jace Amaro,8684,TE,2,TEN,4,3,75,59,0,80.6,75.2,70.5,65.8,,19.7,15,5,26,2,0,0,0,0,116.7,0,0
2016,Alex Ellis,11326,TE,6,JAX,4,3,75,11,0,49,39.6,36.2,65.8,74.2,3.7,4,1.3,6,0,1,0,0,0,77.1,2,0
2016,Derek Watt,10832,FB,14,SD,4,4,100,83,0,55.4,67.9,72.1,69.4,51.8,20.8,62,15.5,53,2,0,0,0,1,118.8,1,0
2016,Brandon Bolden,7469,HB,3,NE,4,2,50,15,0,50.9,26.5,27.3,66.2,76.8,7.5,16,8,13,1,2,0,0,1,59.4,0,0
2016,Griff Whalen,7351,WR,8,NE,4,2,50,22,0,53.6,50.6,68.3,71.4,69.3,11,19,9.5,12,1,0,1,0,0,27.1,0,0
2016,Adrian Peterson,3623,HB,3,MIN,4,3,75,8,0,45.5,39.7,36.2,34.5,84.7,2.7,11,3.7,7,0,1,0,0,0,77.1,0,0
2016,Je'Ron Hamm,8981,TE,3,SF,4,2,50,13,0,56.8,55.2,68.3,64,74.1,6.5,2,1,7,1,0,0,0,0,57.3,0,0
2016,Clay Harbor,5648,TE,10,DET,3,3,100,19,0,54.8,45.4,70.5,65.8,71.3,6.3,17,5.7,9,1,0,0,0,0,93.1,0,0
2016,Ifeanyi Momah,8557,TE,4,ARZ,3,2,66.7,50,0,52.4,68.8,68.3,64,0,25,12,6,27,2,0,0,0,0,109.7,0,0
2016,Percy Harvin,4945,WR,2,BUF,3,2,66.7,6,0,53.4,51.2,68.3,66.2,,3,4,2,5,0,0,0,0,0,70.1,0,0
2016,Lorenzo Taliaferro,8773,HB,1,BLT,3,3,100,10,0,63.4,68.1,70.5,67.4,78.7,3.3,13,4.3,8,0,0,0,0,0,80.6,0,0
2016,Laquon Treadwell,10657,WR,7,MIN,3,1,33.3,15,0,56.4,52.8,64.7,65.3,,15,0,0,15,1,0,0,0,0,50.7,0,0
2016,Javorius Allen,9558,HB,4,BLT,3,3,100,15,0,58.5,62.5,42.1,74,38.8,5,22,7.3,8,2,0,0,0,0,87.5,0,0
2016,Keith Smith,9302,FB,13,DAL,3,3,100,20,0,68.2,57.3,70.5,68.7,83.4,6.7,21,7,14,1,0,0,0,0,94.4,0,0
2016,Isaiah Burse,9300,WR,4,SD,3,0,0,0,0,49.6,49.6,,82.1,,,0,,0,0,0,1,0,0,0,1,0
2016,Fitzgerald Toussaint,9244,HB,7,PIT,3,3,100,33,0,56.8,56.3,36.2,80.6,49,11,44,14.7,15,2,0,0,0,3,112.5,0,0
2016,Kapri Bibbs,8906,HB,8,DEN,3,2,66.7,75,1,62.5,63.6,68.3,80.7,84,37.5,80,40,69,1,0,0,0,2,149.3,0,0
2016,George Farmer,9842,HB,2,SEA,3,1,33.3,4,0,48.8,39.7,28.8,64.6,73.1,4,6,6,4,0,1,0,0,0,42.4,0,0
2016,Lucky Whitehead,9853,WR,13,DAL,3,3,100,48,0,55.2,63.4,72.1,28.1,65.7,16,33,11,35,1,0,0,0,0,118.8,0,0
2016,Jamaal Charles,4387,HB,3,KC,3,2,66.7,14,0,60.6,61.5,68.3,74.8,73,7,17,8.5,16,1,0,0,0,0,77.1,0,0
2016,Matt Lengel,9884,TE,6,NE,3,2,66.7,22,1,64.1,63.1,68.3,64,69.1,11,0,0,18,1,0,0,0,0,127.8,0,0
2016,Brandon Williams,7876,TE,15,SEA,3,2,66.7,36,0,65.1,69.7,68.3,80.4,56.4,18,9,4.5,20,2,0,0,0,0,107.6,3,1
2016,Malcolm Brown,9902,HB,8,LA,3,3,100,46,0,49.1,83.9,70.5,25.7,90.2,15.3,41,13.7,26,2,0,0,0,2,118.8,0,0
2016,Cole Wick,11139,TE,4,DET,3,2,66.7,18,0,69.3,61.7,68.3,64,,9,10,5,13,1,0,0,0,0,82.6,0,0
2016,Ryan Hewitt,9107,FB,15,CIN,3,2,66.7,13,0,72.3,49.8,68.3,64,63.4,6.5,9,4.5,8,1,0,0,0,1,75.7,0,0
2016,Johnny Holton,11354,WR,9,OAK,3,2,66.7,34,0,53.1,66.3,68.3,19.1,,17,11,5.5,30,2,0,0,0,0,104.9,1,2
2016,Akeem Hunt,9839,HB,8,HST,3,3,100,29,0,50,56.8,70.5,22.3,83.3,9.7,37,12.3,24,1,0,0,0,1,106.9,1,0
2016,Devin Smith,9470,WR,3,NYJ,3,1,33.3,20,0,46.2,46.5,28.9,61.2,,20,6,6,20,1,1,0,0,0,57.6,0,0
2016,Joe Webb III,5722,QB,2,CAR,3,1,33.3,3,0,52,52.8,64.7,72,,3,0,0,3,0,0,0,0,0,42.4,0,0
2016,Shane Wynn,9780,WR,4,JAX,2,1,50,19,0,58.7,59.2,64.7,64.6,,19,12,12,19,1,0,0,0,0,83.3,0,0
2016,James O'Shaughnessy,9606,TE,13,KC,2,2,100,-1,0,48,45.9,68.3,64,73.1,-0.5,2,1,0,0,0,0,0,0,79.2,2,0
2016,MyCole Pruitt,9576,TE,4,CHI,2,2,100,13,0,52.9,56.4,68.3,64,74.9,6.5,8,4,7,0,0,0,0,0,93.8,0,0
2016,Roosevelt Nix,10269,FB,8,PIT,2,2,100,5,0,81.9,60,68.3,64,42.8,2.5,7,3.5,3,0,0,0,0,0,79.2,0,0
2016,Derek Carrier,7406,TE,7,WAS,2,2,100,10,0,53.2,50.4,68.3,64,74.5,5,3,1.5,6,0,0,0,0,0,87.5,2,0
2016,Jeremy Butler,9080,WR,3,SD,2,2,100,11,0,56.9,56.7,68.3,64,,5.5,1,0.5,6,0,0,0,0,0,89.6,0,0
2016,Jared Abbrederis,8811,WR,3,GB,2,1,50,8,0,52.1,52.5,64.7,61.2,,8,2,2,8,0,0,0,0,0,60.4,0,0
2016,Jordan Payton,10788,WR,4,CLV,2,1,50,3,0,53.4,53.4,64.7,61.2,,3,0,0,3,0,0,0,0,0,56.3,0,0
2016,Jonathan Williams,10790,HB,11,BUF,2,1,50,0,0,46.5,50.2,64.7,21.3,64.6,0,3,3,0,0,0,0,0,0,56.3,0,0
2016,Andre Williams,8748,HB,1,SD,2,0,0,0,0,81.1,26.4,27.9,76.5,79.6,,0,,0,0,2,0,0,0,39.6,0,0
2016,Troy Niklas,8687,TE,3,ARZ,2,1,50,0,0,47,30.9,28.9,61.2,72.1,0,1,1,0,0,1,0,0,0,56.3,0,0
2016,Daniel Braverman,10864,WR,3,CHI,2,0,0,0,0,74.5,73.1,64.7,61.2,,,0,,0,0,0,1,0,0,0,0,0
2016,Niles Paul,6307,TE,8,WAS,2,2,100,27,0,61.5,54.4,68.3,66.8,83.7,13.5,27,13.5,16,2,0,0,0,1,118.8,1,0
2016,Hakeem Valles,10960,TE,8,ARZ,2,0,0,0,0,32.4,27.9,25.7,,73.4,,0,,0,0,2,0,0,0,39.6,1,0
2016,Kerwynn Williams,8013,HB,4,ARZ,2,1,50,6,0,62,53.9,64.7,26.1,76.6,6,7,7,6,0,0,0,0,0,56.3,0,0
2016,Kalif Raymond,11028,WR,2,DEN,2,0,0,0,0,54.4,54.5,,25.8,,,0,,0,0,1,0,0,0,39.6,0,0
2016,J.D. McKissic,11047,WR,1,SEA,2,2,100,16,0,57.9,58.9,68.3,68.3,,8,13,6.5,10,0,0,0,0,0,100,0,0
2016,Troymaine Pope,11473,HB,3,SEA,2,1,50,5,0,53.9,31.5,28.8,74.5,75,5,1,1,5,0,0,1,0,0,16.7,0,0
2016,Brandon Wilds,11057,HB,4,NYJ,2,2,100,20,0,52.9,60.7,68.3,74.4,17.1,10,24,12,12,1,0,0,0,0,108.3,0,0
2016,D.J. Foster,11214,HB,2,NE,2,1,50,2,0,39.8,29.9,28.9,72.2,72.4,2,6,6,2,0,1,0,0,0,56.3,0,0
2016,Russell Wilson,7077,QB,16,SEA,2,2,100,14,1,80.9,90.3,64.7,75.5,,7,6,3,15,1,0,0,6,0,135.4,2,0
2016,Sean McGrath,7515,TE,16,SD,2,2,100,25,0,56.8,53.5,68.3,64,78.9,12.5,21,10.5,13,2,0,0,0,0,118.8,2,0
2016,Gerald Christian,9689,TE,2,BUF,2,1,50,14,0,73.4,69.7,64.7,61.2,72.9,14,9,9,14,1,0,0,0,1,72.9,0,0
2016,Terron Ward,9778,HB,5,ATL,2,1,50,11,0,60.7,41.3,28.9,79.8,76.2,11,8,8,11,1,1,0,0,0,66.7,0,0
2016,Terrell Watson,9889,HB,1,PHI,1,1,100,5,0,67.4,63.1,64.7,73.1,,5,0,0,5,0,0,0,0,0,87.5,0,0
2016,Jalston Fowler,9541,FB,15,TEN,1,1,100,14,0,67.1,52.3,64.7,64.6,85,14,12,12,14,1,0,0,0,0,118.8,0,0
2016,Joique Bell,5797,HB,2,DET,1,1,100,-2,0,60.1,61.9,64.7,68.2,,-2,0,0,0,0,0,0,0,0,79.2,0,0
2016,Jimmy Garoppolo,8697,QB,6,NE,1,1,100,3,0,73.8,,,50.7,,3,6,6,3,0,0,0,1,0,79.2,1,0
2016,Jakeem Grant,10820,WR,2,MIA,1,0,0,0,0,40.2,39.3,27.9,86,,,0,,0,0,1,0,0,0,39.6,0,0
2016,David Morgan,10822,TE,5,MIN,1,1,100,4,0,61.4,53.9,64.7,67.8,76.2,4,1,1,4,0,0,0,0,0,83.3,0,0
2016,Carson Wentz,10636,QB,16,PHI,1,1,100,7,0,69.9,58.9,,50.2,,7,14,14,7,0,0,0,11,0,95.8,4,0
2016,Chris Manhertz,10211,TE,5,CAR,1,1,100,10,0,62.7,63,64.7,61.2,74.5,10,4,4,10,1,0,0,0,0,108.3,0,0
2016,Blaine Gabbert,6162,QB,6,SF,1,1,100,-16,0,46.2,,,90.2,,-16,-5,-5,0,0,0,0,0,0,79.2,0,0
2016,Chase Reynolds,6892,HB,2,LA,1,1,100,4,0,78.8,90.3,64.7,61.2,63.8,4,3,3,4,1,0,0,0,0,83.3,0,0
2016,Mack Brown,10115,HB,1,WAS,1,1,100,-2,0,64.8,61,64.7,73.1,,-2,1,1,0,0,0,0,0,0,79.2,0,0
2016,Taylor Lewan,8646,T,15,TEN,1,1,100,10,1,87,83.8,64.7,61.2,85.1,10,13,13,10,1,0,0,0,0,147.9,14,2
2016,Paul McRoberts,11192,WR,2,LA,1,1,100,6,0,55.4,55,64.7,61.2,,6,0,0,6,0,0,0,0,0,91.7,0,0
2016,DeAndre Smelter,9565,WR,2,SF,1,1,100,23,0,65.8,64.8,68.3,64,,23,10,10,23,1,0,0,0,0,118.8,0,0
2016,Quinton Dunbar,10073,CB,12,WAS,1,1,100,31,0,81.3,79.3,64.7,61.2,,31,2,2,31,1,0,0,0,0,118.8,5,1
2016,Blake Bortles,8638,QB,16,JAX,1,1,100,20,1,56.9,90.7,64.7,56.4,,20,5,5,20,1,0,0,7,0,158.3,8,1
2016,Braedon Bowman,10904,TE,1,NYJ,1,0,0,0,0,41.8,37.6,27.9,,,,0,,0,0,1,0,0,0,39.6,0,0
2016,Chris Johnson,4338,HB,4,ARZ,1,0,0,0,0,57.2,53.3,,78.4,26.2,,0,,0,0,0,0,0,0,39.6,0,0
2016,Zach Line,8420,FB,15,MIN,1,0,0,0,0,63.3,49.8,,72.7,88,,0,,0,0,0,0,0,0,39.6,0,0
2016,Geremy Davis,9619,WR,2,SD,1,0,0,0,0,55.5,54.9,,62.8,,,0,,0,0,0,0,0,0,39.6,0,0
2016,Rashad Ross,8061,WR,4,WAS,1,1,100,8,0,56.2,55.8,64.7,65.3,,8,0,0,8,0,0,0,0,0,100,0,0
2016,Isaiah Pead,7053,HB,2,MIA,1,1,100,6,0,70.3,57.5,64.7,73.1,66.3,6,7,7,6,0,0,0,0,0,91.7,0,0
2016,Brock Osweiler,7059,QB,15,HST,1,1,100,-14,0,51.1,,,61.9,,-14,-8,-8,0,0,0,0,4,0,79.2,4,0
2016,Bralon Addison,11013,WR,2,CHI,1,1,100,11,0,76.9,79.9,64.7,82.4,,11,7,7,11,1,0,0,0,0,112.5,0,0
2016,Henry Krieger-Coble,11020,TE,2,DEN,1,1,100,13,0,65.3,68.9,64.7,61.2,71.7,13,7,7,13,1,0,0,0,0,118.8,0,0
2016,Paul Lasike,9802,FB,8,CHI,1,1,100,3,0,58.7,54.1,64.7,69.8,51.5,3,5,5,3,0,0,0,0,0,79.2,0,0
2016,Dwayne Harris,6328,WR,9,NYG,1,1,100,13,1,81.6,81,68.3,52.9,51.9,13,0,0,13,1,0,0,0,0,158.3,0,0
2016,Will Tukuafu,7764,FB,5,SEA,1,0,0,0,0,55.1,55.5,,65.2,81.9,,0,,0,0,0,0,0,0,39.6,0,0
2016,Marcus Murphy,9663,HB,1,NO,1,1,100,3,0,61.5,65.1,64.7,78.5,,3,2,2,3,0,0,0,0,0,79.2,0,0
2016,Connor Hamlett,9828,TE,3,CLV,1,1,100,17,1,66.5,76.5,64.7,61.2,38.9,17,0,0,17,1,0,0,0,0,158.3,0,0
2016,Khari Lee,10018,TE,7,DET,1,0,0,0,0,61.3,39.9,,,47.3,,0,,0,0,0,0,0,0,39.6,0,0
2016,Rod Smith,9996,HB,2,DAL,1,1,100,4,0,59.8,59.6,64.7,65.3,,4,7,7,4,0,0,0,0,0,83.3,0,0
2016,Sam Bradford,5526,QB,15,MIN,1,1,100,5,0,76.7,59.3,,79.8,,5,10,10,5,0,0,0,9,0,87.5,7,0
2016,Marcus Mariota,9435,QB,15,TEN,1,0,0,0,0,66.8,59.3,,50.1,61.2,,0,,0,0,0,0,4,0,39.6,3,0
2016,D.J. Tialavea,9167,TE,2,ATL,1,1,100,1,1,87.9,76.9,64.7,61.2,75.8,1,0,0,1,1,0,0,0,0,118.8,0,0
2016,Cedric Peerman,5109,HB,2,CIN,1,0,0,0,0,46,25.8,28,70.6,53.5,,0,,0,0,1,0,0,0,39.6,0,0
2016,Michael Burton,9601,FB,12,DET,1,0,0,0,0,70.1,49.2,,,37.3,,0,,0,0,0,1,0,0,0,0,0
2016,Jake Fisher,9486,T,14,CIN,1,1,100,12,0,47.7,26.3,64.7,18.4,46.8,12,10,10,12,0,0,0,1,0,116.7,5,2
2016,Alex Lewis,10764,G,9,BLT,1,0,0,0,0,60.2,41.4,27.9,,66.8,,0,,0,0,1,0,0,0,39.6,4,0
2016,Tony Washington,9018,WR,2,JAX,1,1,100,9,0,62.6,62.4,64.7,61.2,61.6,9,10,10,9,0,0,0,0,1,104.2,0,0
2016,Matthew Mulligan,4701,TE,8,DET,1,1,100,8,0,70.7,41.9,64.7,61.2,76.1,8,7,7,8,0,0,0,0,0,100,0,0
2016,Juwan Thompson,8955,HB,4,DEN,1,0,0,0,0,56.8,75.5,64.7,72.5,87.5,,0,,0,0,0,0,0,0,39.6,0,0
2016,Donald Penn,3459,T,16,OAK,1,1,100,1,1,90,90.2,64.7,61.2,82.7,1,0,0,1,1,0,0,0,0,118.8,10,1
2016,Michael Campanaro,8852,WR,3,BLT,1,0,0,0,0,60.6,41.3,27.9,74.3,,,0,,0,0,1,0,0,0,39.6,0,0
2016,Jay Prosch,8845,FB,14,HST,1,1,100,6,0,70.4,55.7,64.7,70.7,70.6,6,4,4,6,1,0,0,0,0,91.7,0,0
2016,Damiere Byrd,9964,WR,1,CAR,1,1,100,16,0,71.9,70.3,64.7,65.3,,16,4,4,16,1,0,0,0,0,118.8,0,0
2016,Kellen Davis,4472,TE,8,NYJ,1,0,0,0,0,51.5,39,,,65.5,,0,,0,0,0,0,0,0,39.6,2,0
2016,Cameron Artis-Payne,9607,HB,3,CAR,1,1,100,11,0,57.4,55.2,64.7,80.9,85.3,11,15,15,11,1,0,0,0,0,112.5,0,0
2016,Matt Barkley,7880,QB,7,CHI,1,1,100,2,1,73,80.3,64.7,49.8,,2,0,0,2,1,0,0,2,0,118.8,2,0
2016,Matthew Slater,4467,WR,3,NE,1,0,0,0,0,59.8,55.1,,8.4,,,0,,0,0,0,0,0,0,39.6,0,0
2016,Alex Smith,2218,QB,15,KC,1,1,100,3,0,76,,,53.5,61.3,3,7,7,3,0,0,0,5,0,79.2,5,1
