player,player_id,position,player_game_count,team_name,pass_snaps,pass_rush_snaps,pass_rush_percent,sacks,hits,hurries,pressures,prp,lhs_pass_rush_snaps,lhs_pass_rush_percent,lhs_sacks,lhs_hits,lhs_hurries,lhs_pressures,lhs_prp,rhs_pass_rush_snaps,rhs_pass_rush_percent,rhs_sacks,rhs_hits,rhs_hurries,rhs_pressures,rhs_prp
Deon Bush,10758,S,7,CHI,103,1,1.0,1,0,0,1,100.0,1,100.0,1,0,0,1,100.0,0,0.0,0,0,0,0,
Siran Neal,27130,S,3,BUF,5,1,20.0,1,0,0,1,100.0,0,0.0,0,0,0,0,,1,100.0,1,0,0,1,100.0
Kentrell Brothers,10794,LB,2,MIN,5,1,20.0,1,0,0,1,100.0,1,100.0,1,0,0,1,100.0,0,0.0,0,0,0,0,
Kevin Minter,7826,LB,4,TB,10,1,10.0,1,0,0,1,100.0,1,100.0,1,0,0,1,100.0,0,0.0,0,0,0,0,
Donte Jackson,49377,CB,15,CAR,536,2,0.4,1,0,1,2,75.0,1,50.0,1,0,0,1,100.0,1,50.0,0,0,1,1,50.0
Jalen Davis,50431,CB,3,MIA,31,2,6.5,1,1,0,2,75.0,1,50.0,1,0,0,1,100.0,1,50.0,0,1,0,1,50.0
Casey Hayward Jr.,7064,CB,16,LAC,599,1,0.2,0,0,1,1,50.0,1,100.0,0,0,1,1,50.0,0,0.0,0,0,0,0,
Datone Jones,7807,DI,1,DAL,1,1,100.0,0,1,0,1,50.0,0,0.0,0,0,0,0,,1,100.0,0,1,0,1,50.0
Desmond Trufant,7803,CB,16,ATL,630,4,0.6,1,0,2,3,50.0,3,75.0,1,0,1,2,50.0,1,25.0,0,0,1,1,50.0
Richard Sherman,6306,CB,14,SF,503,2,0.4,1,0,0,1,50.0,2,100.0,1,0,0,1,50.0,0,0.0,0,0,0,0,
Isaiah Johnson,9753,S,1,LA,5,1,20.0,0,1,0,1,50.0,1,100.0,0,1,0,1,50.0,0,0.0,0,0,0,0,
Shalom Luani,11976,S,2,SEA,8,1,12.5,0,1,0,1,50.0,0,0.0,0,0,0,0,,1,100.0,0,1,0,1,50.0
Stephon Gilmore,7016,CB,16,NE,642,2,0.3,1,0,0,1,50.0,1,50.0,1,0,0,1,100.0,1,50.0,0,0,0,0,0.0
Jordan Lucas,10838,S,7,KC,164,3,1.8,1,1,0,2,50.0,2,66.7,0,1,0,1,25.0,1,33.3,1,0,0,1,100.0
Josh Keyes,9943,LB,1,HST,16,1,6.3,0,1,0,1,50.0,0,0.0,0,0,0,0,,1,100.0,0,1,0,1,50.0
Marcus Peters,9451,CB,16,LA,539,1,0.2,0,1,0,1,50.0,1,100.0,0,1,0,1,50.0,0,0.0,0,0,0,0,
Dymonte Thomas,49127,S,3,DEN,30,2,6.7,1,0,0,1,50.0,1,50.0,1,0,0,1,100.0,1,50.0,0,0,0,0,0.0
Armani Watts,51264,S,5,KC,48,3,6.3,1,1,0,2,50.0,1,33.3,0,1,0,1,50.0,2,66.7,1,0,0,1,50.0
Kenny Ladler,9103,S,2,NYG,18,1,5.6,0,1,0,1,50.0,0,0.0,0,0,0,0,,1,100.0,0,1,0,1,50.0
Ben Jacobs,6817,LB,2,CAR,3,1,33.3,0,1,0,1,50.0,0,,0,0,0,0,,0,,0,0,0,0,
Shaun Dion Hamilton,49706,LB,5,WAS,49,8,16.3,2,3,0,5,43.8,1,16.7,1,0,0,1,100.0,5,83.3,1,2,0,3,40.0
Malcolm Butler,9040,CB,16,TEN,514,6,1.2,1,0,3,4,41.7,1,16.7,0,0,0,0,0.0,5,83.3,1,0,3,4,50.0
Rayshawn Jenkins,11868,S,8,LAC,77,4,5.2,1,1,0,2,37.5,3,75.0,1,0,0,1,33.3,1,25.0,0,1,0,1,50.0
Bobby McCain,9578,CB,14,MIA,432,8,1.9,2,0,2,4,37.5,5,62.5,2,0,1,3,50.0,3,37.5,0,0,1,1,16.7
Bryce Callahan,10000,CB,13,CHI,459,22,4.8,2,3,8,13,34.1,18,81.8,2,3,8,13,41.7,4,18.2,0,0,0,0,0.0
Kavon Frazier,10846,S,6,DAL,102,3,2.9,1,0,0,1,33.3,2,66.7,1,0,0,1,50.0,1,33.3,0,0,0,0,0.0
James Bradberry,10696,CB,16,CAR,587,3,0.5,1,0,0,1,33.3,2,66.7,1,0,0,1,50.0,1,33.3,0,0,0,0,0.0
Jahleel Addae,8117,S,16,LAC,604,8,1.3,1,0,3,4,31.3,5,62.5,1,0,2,3,40.0,3,37.5,0,0,1,1,16.7
Mychal Kendricks,7049,LB,4,SEA,99,10,10.1,2,1,1,4,30.0,4,40.0,2,0,0,2,50.0,6,60.0,0,1,1,2,16.7
Jayron Kearse,10878,CB,15,MIN,124,5,4.0,1,0,1,2,30.0,4,80.0,1,0,1,2,37.5,1,20.0,0,0,0,0,0.0
Ron Parker,6625,S,15,KC,625,5,0.8,1,0,1,2,30.0,5,100.0,1,0,1,2,30.0,0,0.0,0,0,0,0,
Barry Church,5924,S,11,JAX,376,7,1.9,1,1,1,3,28.6,3,42.9,1,1,0,2,50.0,4,57.1,0,0,1,1,12.5
Mackensie Alexander,10688,CB,15,MIN,355,21,5.9,4,1,3,8,28.6,13,61.9,3,1,2,6,34.6,8,38.1,1,0,1,2,18.8
Jaire Alexander,49350,CB,13,GB,438,9,2.1,1,0,3,4,27.8,5,55.6,1,0,1,2,30.0,4,44.4,0,0,2,2,25.0
Karl Joseph,10648,S,13,OAK,244,17,7.0,2,0,5,7,26.5,7,41.2,1,0,1,2,21.4,10,58.8,1,0,4,5,30.0
Mike Hughes,34057,CB,6,MIN,150,2,1.3,0,0,1,1,25.0,2,100.0,0,0,1,1,25.0,0,0.0,0,0,0,0,
DeAndre Houston-Carson,10819,S,8,CHI,36,2,5.6,0,1,0,1,25.0,1,50.0,0,1,0,1,50.0,1,50.0,0,0,0,0,0.0
Nicholas Grigsby,11187,LB,4,DET,15,2,13.3,0,1,0,1,25.0,0,0.0,0,0,0,0,,1,100.0,0,1,0,1,50.0
Sidney Jones,11798,CB,9,PHI,229,2,0.9,0,0,1,1,25.0,1,50.0,0,0,1,1,50.0,1,50.0,0,0,0,0,0.0
Lamarcus Joyner,8676,S,15,LA,537,6,1.1,1,0,1,2,25.0,3,50.0,0,0,1,1,16.7,3,50.0,1,0,0,1,33.3
Jimmy Smith,6179,CB,12,BLT,373,2,0.5,0,0,1,1,25.0,1,50.0,0,0,0,0,0.0,1,50.0,0,0,1,1,50.0
T.J. Carrie,8853,CB,16,CLV,570,8,1.4,1,0,2,3,25.0,4,50.0,0,0,2,2,25.0,4,50.0,1,0,0,1,25.0
Skai Moore,21605,LB,5,IND,32,2,6.3,0,0,1,1,25.0,1,50.0,0,0,1,1,50.0,1,50.0,0,0,0,0,0.0
Brandon Wilson,11962,S,10,CIN,45,2,4.4,0,0,1,1,25.0,2,100.0,0,0,1,1,25.0,0,0.0,0,0,0,0,
Eric Berry,5530,S,2,KC,47,2,4.3,0,0,1,1,25.0,1,50.0,0,0,0,0,0.0,1,50.0,0,0,1,1,50.0
David Amerson,7832,CB,6,ARZ,153,2,1.3,0,0,1,1,25.0,0,0.0,0,0,0,0,,2,100.0,0,0,1,1,25.0
Damontae Kazee,11904,S,16,ATL,578,2,0.3,0,0,1,1,25.0,1,100.0,0,0,0,0,0.0,0,0.0,0,0,0,0,
Levi Wallace,25445,CB,7,BUF,209,2,1.0,0,1,0,1,25.0,0,0.0,0,0,0,0,,2,100.0,0,1,0,1,25.0
Adrian Colbert,11983,S,6,SF,203,2,1.0,0,0,1,1,25.0,0,0.0,0,0,0,0,,1,100.0,0,0,0,0,0.0
D.J. Reed Jr.,26940,S,11,SF,200,8,4.0,1,0,2,3,25.0,3,37.5,0,0,1,1,16.7,5,62.5,1,0,1,2,30.0
Justin Evans,11805,S,10,TB,352,2,0.6,0,0,1,1,25.0,1,50.0,0,0,0,0,0.0,1,50.0,0,0,1,1,50.0
Taron Johnson,49511,CB,11,BUF,259,11,4.2,1,0,3,4,22.7,6,54.5,1,0,1,2,25.0,5,45.5,0,0,2,2,20.0
Sean Chandler,51315,S,11,NYG,104,11,10.6,1,2,1,4,22.7,6,54.5,1,1,1,3,33.3,5,45.5,0,1,0,1,10.0
Glover Quin,5035,S,16,DET,458,7,1.5,1,1,0,2,21.4,7,100.0,1,1,0,2,21.4,0,0.0,0,0,0,0,
Sherrick McManis,5667,CB,15,CHI,186,21,11.3,1,2,5,8,21.4,7,33.3,1,0,2,3,28.6,14,66.7,0,2,3,5,17.9
Austin Calitro,50640,LB,8,SEA,141,7,5.0,1,0,1,2,21.4,4,57.1,1,0,0,1,25.0,3,42.9,0,0,1,1,16.7
Akeem King,9682,CB,9,SEA,95,5,5.3,0,1,1,2,20.0,2,40.0,0,0,0,0,0.0,3,60.0,0,1,1,2,33.3
Nevin Lawson,8768,CB,15,DET,485,5,1.0,1,0,0,1,20.0,2,40.0,0,0,0,0,0.0,3,60.0,1,0,0,1,33.3
Jason Cabinda,50714,LB,10,OAK,50,5,10.0,0,0,2,2,20.0,2,66.7,0,0,1,1,25.0,1,33.3,0,0,0,0,0.0
Adrian Amos,9575,S,16,CHI,665,5,0.8,0,0,2,2,20.0,4,80.0,0,0,1,1,12.5,1,20.0,0,0,1,1,50.0
Buster Skrine,6289,CB,14,NYJ,410,23,5.6,1,2,5,8,19.6,9,39.1,0,0,2,2,11.1,14,60.9,1,2,3,6,25.0
Rafael Bush,5779,CB,14,BUF,250,18,7.2,2,1,2,5,19.4,9,50.0,1,1,0,2,16.7,9,50.0,1,0,2,3,22.2
Eric Murray,10740,S,15,KC,446,13,2.9,0,1,4,5,19.2,8,61.5,0,1,4,5,31.3,5,38.5,0,0,0,0,0.0
Kevin Byard,10698,S,16,TEN,598,21,3.5,2,3,1,6,19.0,13,72.2,0,1,0,1,3.8,5,27.8,1,2,1,4,50.0
James Burgess,11202,LB,3,CLV,30,8,26.7,0,0,3,3,18.8,6,85.7,0,0,2,2,16.7,1,14.3,0,0,1,1,50.0
Antone Exum Jr.,8817,S,12,SF,316,8,2.5,1,1,0,2,18.8,3,37.5,1,0,0,1,33.3,5,62.5,0,1,0,1,10.0
Logan Ryan,7864,CB,14,TEN,510,32,6.3,4,1,3,8,18.8,16,50.0,2,0,1,3,15.6,16,50.0,2,1,2,5,21.9
Damarious Randall,9463,S,15,CLV,639,11,1.7,0,1,3,4,18.2,4,36.4,0,0,1,1,12.5,7,63.6,0,1,2,3,21.4
Kenny Vaccaro,7796,S,13,TEN,432,14,3.2,0,2,3,5,17.9,3,21.4,0,0,1,1,16.7,11,78.6,0,2,2,4,18.2
Antoine Bethea,3152,S,16,ARZ,573,42,7.3,3,3,6,12,17.9,29,69.0,2,2,5,9,19.0,13,31.0,1,1,1,3,15.4
Derwin James,51368,S,16,LAC,607,62,10.2,4,2,12,18,17.7,25,41.7,2,1,5,8,20.0,35,58.3,2,1,6,9,15.7
Eric Reid,7799,S,13,CAR,434,17,3.9,1,0,4,5,17.6,6,35.3,0,0,2,2,16.7,11,64.7,1,0,2,3,18.2
Desmond King II,11906,CB,16,LAC,501,17,3.4,0,1,5,6,17.6,12,70.6,0,1,4,5,20.8,5,29.4,0,0,1,1,10.0
Darius Leonard,49684,LB,15,IND,542,43,7.9,6,1,2,9,17.4,23,56.1,2,0,0,2,8.7,18,43.9,4,1,1,6,27.8
D.J. Swearinger Sr.,7838,S,15,ARZ,574,23,4.0,2,1,3,6,17.4,13,56.5,2,0,3,5,26.9,10,43.5,0,1,0,1,5.0
Anthony Brown,10823,CB,15,DAL,446,23,5.2,2,1,3,6,17.4,13,56.5,1,1,2,4,19.2,10,43.5,1,0,1,2,15.0
Patrick Onwuasor,11100,LB,16,BLT,235,52,22.1,6,6,0,12,17.3,28,56.0,4,4,0,8,21.4,22,44.0,2,2,0,4,13.6
David Mayo,9602,LB,7,CAR,65,12,18.5,0,0,4,4,16.7,6,66.7,0,0,1,1,8.3,3,33.3,0,0,2,2,33.3
Brock Coyle,8929,LB,1,SF,40,3,7.5,0,0,1,1,16.7,2,66.7,0,0,1,1,25.0,1,33.3,0,0,0,0,0.0
Su'a Cravens,10687,S,5,DEN,85,6,7.1,0,1,1,2,16.7,5,83.3,0,1,1,2,20.0,1,16.7,0,0,0,0,0.0
Ken Crawley,11224,CB,10,NO,251,3,1.2,0,0,1,1,16.7,3,100.0,0,0,1,1,16.7,0,0.0,0,0,0,0,
B.W. Webb,7896,CB,16,NYG,575,15,2.6,1,1,2,4,16.7,7,46.7,0,0,1,1,7.1,8,53.3,1,1,1,3,25.0
Jeff Heath,8396,S,16,DAL,595,6,1.0,0,0,2,2,16.7,2,33.3,0,0,1,1,25.0,4,66.7,0,0,1,1,12.5
Phillip Gaines,8722,CB,9,CLV,212,3,1.4,0,0,1,1,16.7,1,33.3,0,0,0,0,0.0,2,66.7,0,0,1,1,25.0
Ronnie Harrison,49206,S,12,JAX,173,9,5.2,1,0,1,2,16.7,4,44.4,0,0,0,0,0.0,5,55.6,1,0,1,2,30.0
Curtis Riley,10109,S,16,NYG,579,12,2.1,0,1,3,4,16.7,3,25.0,0,0,1,1,16.7,9,75.0,0,1,2,3,16.7
Raven Greene,24750,S,3,GB,33,6,18.2,1,0,0,1,16.7,3,60.0,0,0,0,0,0.0,2,40.0,1,0,0,1,50.0
Mark Barron,7013,LB,12,LA,283,6,2.1,1,0,0,1,16.7,4,66.7,1,0,0,1,25.0,2,33.3,0,0,0,0,0.0
Andre Hal,8850,S,8,HST,189,3,1.6,0,0,1,1,16.7,3,100.0,0,0,1,1,16.7,0,0.0,0,0,0,0,
DeMarcus Walker,11806,DI,3,DEN,16,16,100.0,1,0,3,4,15.6,6,37.5,0,0,0,0,0.0,10,62.5,1,0,3,4,25.0
Harrison Smith,7641,S,16,MIN,569,39,6.9,3,2,4,9,15.4,17,44.7,0,0,3,3,8.8,21,55.3,3,2,1,6,21.4
Clayton Geathers,9542,S,12,IND,415,13,3.1,0,2,2,4,15.4,6,46.2,0,1,2,3,25.0,7,53.8,0,1,0,1,7.1
Kenny Young,51029,LB,16,BLT,205,53,25.9,2,4,8,14,15.1,26,50.0,0,3,5,8,15.4,26,50.0,2,1,3,6,15.4
Justin Reid,49048,S,16,HST,571,10,1.8,0,1,2,3,15.0,0,0.0,0,0,0,0,,10,100.0,0,1,2,3,15.0
Darqueze Dennard,8659,CB,13,CIN,409,10,2.4,0,0,3,3,15.0,6,60.0,0,0,1,1,8.3,4,40.0,0,0,2,2,25.0
Roquan Smith,50892,LB,16,CHI,573,50,8.7,5,0,5,10,15.0,27,55.1,1,0,3,4,9.3,22,44.9,3,0,2,5,18.2
Mark Nzeocha,9669,LB,10,SF,70,10,14.3,1,1,0,2,15.0,5,50.0,1,1,0,2,30.0,5,50.0,0,0,0,0,0.0
Tyler Patmon,9135,CB,7,JAX,149,10,6.7,0,0,3,3,15.0,2,20.0,0,0,1,1,25.0,8,80.0,0,0,2,2,12.5
Deone Bucannon,8662,LB,10,ARZ,173,27,15.6,1,1,5,7,14.8,13,56.5,0,1,3,4,15.4,10,43.5,1,0,1,2,15.0
Reggie Ragland,10675,LB,16,KC,250,17,6.8,1,1,2,4,14.7,4,25.0,0,0,0,0,0.0,12,75.0,0,1,2,3,12.5
Darian Stewart,5820,S,14,DEN,482,17,3.5,2,0,1,3,14.7,9,52.9,2,0,0,2,22.2,8,47.1,0,0,1,1,6.3
Neville Hewitt,9836,LB,8,NYJ,156,17,10.9,1,1,2,4,14.7,6,37.5,0,0,1,1,8.3,10,62.5,1,1,1,3,20.0
Justin Coleman,9892,CB,16,SEA,473,24,5.1,1,0,5,6,14.6,9,37.5,1,0,2,3,22.2,15,62.5,0,0,3,3,10.0
Tyrann Mathieu,7850,S,16,HST,658,31,4.7,3,1,2,6,14.5,18,60.0,1,0,1,2,8.3,12,40.0,2,0,1,3,20.8
Brian Poole,11052,CB,16,ATL,531,31,5.8,3,2,1,6,14.5,16,51.6,2,1,1,4,18.8,15,48.4,1,1,0,2,10.0
Clayton Fejedelem,10879,S,12,CIN,111,7,6.3,0,1,1,2,14.3,3,42.9,0,0,1,1,16.7,4,57.1,0,1,0,1,12.5
Craig Robertson,7003,LB,8,NO,49,7,14.3,1,0,0,1,14.3,4,66.7,1,0,0,1,25.0,2,33.3,0,0,0,0,0.0
Sean Davis,10692,S,15,PIT,602,7,1.2,0,1,1,2,14.3,1,14.3,0,0,0,0,0.0,6,85.7,0,1,1,2,16.7
Adoree' Jackson,11773,CB,16,TEN,551,7,1.3,0,0,2,2,14.3,5,71.4,0,0,1,1,10.0,2,28.6,0,0,1,1,25.0
Brandon Carr,4454,CB,16,BLT,553,14,2.5,0,1,3,4,14.3,11,78.6,0,1,3,4,18.2,3,21.4,0,0,0,0,0.0
Jonathan Jones,11217,CB,16,NE,358,21,5.9,2,1,1,4,14.3,7,33.3,1,1,1,3,28.6,14,66.7,1,0,0,1,7.1
Bobby Wagner,7050,LB,15,SEA,568,46,8.1,1,9,2,12,14.1,16,42.1,0,1,1,2,6.3,22,57.9,1,6,1,8,20.5
Josh Harvey-Clemons,11985,LB,13,WAS,166,25,15.1,1,1,4,6,14.0,10,45.5,0,1,2,3,15.0,12,54.5,1,0,2,3,16.7
Eric Weddle,3653,S,16,BLT,627,29,4.6,1,3,3,7,13.8,12,42.9,0,0,2,2,8.3,16,57.1,1,3,1,5,18.8
Anthony Barr,8644,LB,13,MIN,445,94,21.1,3,1,19,23,13.8,47,51.1,1,0,8,9,10.6,45,48.9,2,1,11,14,17.8
Devin McCourty,5552,S,16,NE,640,11,1.7,0,0,3,3,13.6,6,54.5,0,0,3,3,25.0,5,45.5,0,0,0,0,0.0
Zach Brown,7055,LB,16,WAS,391,33,8.4,1,1,6,8,13.6,13,41.9,0,1,3,4,15.4,18,58.1,0,0,3,3,8.3
Nick DeLuca,23189,LB,4,JAX,36,11,30.6,1,0,1,2,13.6,6,54.5,1,0,1,2,25.0,5,45.5,0,0,0,0,0.0
Jamal Adams,11761,S,16,NYJ,648,78,12.0,3,4,11,18,13.5,37,48.1,1,2,6,9,13.5,40,51.9,2,2,5,9,13.8
Jarrad Davis,11776,LB,16,DET,547,116,21.2,4,3,20,27,13.4,45,42.9,1,2,7,10,12.2,60,57.1,2,1,11,14,13.3
Kareem Jackson,5545,CB,16,HST,617,15,2.4,1,0,2,3,13.3,4,26.7,1,0,1,2,37.5,11,73.3,0,0,1,1,4.5
P.J. Williams,9511,CB,15,NO,482,15,3.1,1,1,1,3,13.3,8,53.3,1,0,0,1,12.5,7,46.7,0,1,1,2,14.3
Mike Adams,1972,S,16,CAR,563,30,5.3,0,2,6,8,13.3,20,69.0,0,2,4,6,15.0,9,31.0,0,0,2,2,11.1
Eric Wilson,38587,LB,13,MIN,197,30,15.2,2,3,1,6,13.3,16,53.3,2,2,0,4,18.8,14,46.7,0,1,1,2,7.1
T.J. McDonald,7852,S,14,MIA,500,15,3.0,0,0,4,4,13.3,6,40.0,0,0,3,3,25.0,9,60.0,0,0,1,1,5.6
Marquel Lee,11923,LB,16,OAK,172,15,8.7,0,2,2,4,13.3,8,57.1,0,1,1,2,12.5,6,42.9,0,1,1,2,16.7
D.J. Hayden,7793,CB,10,JAX,288,19,6.6,1,2,1,4,13.2,8,42.1,0,0,0,0,0.0,11,57.9,1,2,1,4,22.7
K'Waun Williams,9332,CB,14,SF,382,27,7.1,0,1,6,7,13.0,19,70.4,0,1,4,5,13.2,8,29.6,0,0,2,2,12.5
Blake Martinez,10765,LB,16,GB,588,77,13.1,3,0,14,17,13.0,27,38.0,0,0,10,10,18.5,44,62.0,1,0,4,5,6.8
Najee Goode,7137,LB,6,IND,36,4,11.1,0,0,1,1,12.5,2,66.7,0,0,1,1,25.0,1,33.3,0,0,0,0,0.0
Ramik Wilson,9551,LB,9,LA,83,4,4.8,0,0,1,1,12.5,2,50.0,0,0,1,1,25.0,2,50.0,0,0,0,0,0.0
Grant Haley,50473,CB,10,NYG,265,16,6.0,0,0,4,4,12.5,4,25.0,0,0,1,1,12.5,12,75.0,0,0,3,3,12.5
Oren Burks,50203,LB,10,GB,69,8,11.6,1,0,0,1,12.5,5,71.4,1,0,0,1,20.0,2,28.6,0,0,0,0,0.0
Jordan Richards,9497,S,15,ATL,251,4,1.6,0,0,1,1,12.5,1,25.0,0,0,1,1,50.0,3,75.0,0,0,0,0,0.0
Earl Thomas III,5539,S,4,SEA,137,4,2.9,0,0,1,1,12.5,3,75.0,0,0,0,0,0.0,1,25.0,0,0,1,1,50.0
Sean Lee,5580,LB,7,DAL,124,16,12.9,1,1,1,3,12.5,5,35.7,0,1,0,1,10.0,9,64.3,0,0,1,1,5.6
Eric Rowe,9480,CB,4,NE,97,4,4.1,0,0,1,1,12.5,2,50.0,0,0,0,0,0.0,2,50.0,0,0,1,1,25.0
Greg Stroman,49354,CB,12,WAS,263,4,1.5,0,1,0,1,12.5,2,66.7,0,0,0,0,0.0,1,33.3,0,1,0,1,50.0
Jordan Whitehead,49196,S,14,TB,391,4,1.0,0,0,1,1,12.5,3,75.0,0,0,1,1,16.7,1,25.0,0,0,0,0,0.0
Jermaine Carter,28838,LB,6,CAR,43,4,9.3,0,0,1,1,12.5,1,33.3,0,0,0,0,0.0,2,66.7,0,0,1,1,25.0
K.J. Wright,6251,LB,5,SEA,134,4,3.0,0,0,1,1,12.5,3,75.0,0,0,0,0,0.0,1,25.0,0,0,1,1,50.0
Chris Harris Jr.,6457,CB,12,DEN,444,8,1.8,1,0,0,1,12.5,5,62.5,1,0,0,1,20.0,3,37.5,0,0,0,0,0.0
Ukeme Eligwe,11938,LB,3,NYG,29,8,27.6,0,1,1,2,12.5,2,25.0,0,0,1,1,25.0,6,75.0,0,1,0,1,8.3
Deion Jones,10686,LB,6,ATL,218,8,3.7,0,0,2,2,12.5,5,83.3,0,0,1,1,10.0,1,16.7,0,0,1,1,50.0
Anthony Walker,11916,LB,15,IND,356,20,5.6,0,1,4,5,12.5,7,46.7,0,0,1,1,7.1,8,53.3,0,0,2,2,12.5
Rodney McLeod,7271,S,3,PHI,107,4,3.7,0,0,1,1,12.5,0,0.0,0,0,0,0,,4,100.0,0,0,1,1,12.5
Marcus Williams,11797,S,16,NO,607,8,1.3,1,0,0,1,12.5,4,50.0,1,0,0,1,25.0,4,50.0,0,0,0,0,0.0
Dexter McDougle,8715,CB,2,PHI,89,4,4.5,0,1,0,1,12.5,1,25.0,0,0,0,0,0.0,3,75.0,0,1,0,1,16.7
Gerald Hodges,7902,LB,9,ARZ,174,16,9.2,0,1,3,4,12.5,9,56.3,0,1,3,4,22.2,7,43.8,0,0,0,0,0.0
LeShaun Sims,10791,CB,12,TEN,128,8,6.3,0,1,1,2,12.5,4,50.0,0,1,0,1,12.5,4,50.0,0,0,1,1,12.5
Rashaan Melvin,8334,CB,14,OAK,334,4,1.2,0,1,0,1,12.5,4,100.0,0,1,0,1,12.5,0,0.0,0,0,0,0,
Jarrod Wilson,10902,S,11,JAX,121,8,6.6,0,0,2,2,12.5,4,50.0,0,0,2,2,25.0,4,50.0,0,0,0,0,0.0
Telvin Smith Sr.,8779,LB,16,JAX,578,45,7.8,1,0,9,10,12.2,22,57.9,1,0,5,6,15.9,16,42.1,0,0,3,3,9.4
Cory Littleton,11190,LB,16,LA,567,75,13.2,4,0,10,14,12.0,41,59.4,3,0,4,7,12.2,28,40.6,1,0,6,7,14.3
Ezekiel Ansah,8094,ED,7,DET,101,101,100.0,4,3,13,20,11.9,0,0.0,0,0,0,0,,101,100.0,4,3,13,20,11.9
Briean Boddy-Calhoun,10903,CB,14,CLV,431,17,3.9,0,3,1,4,11.8,9,52.9,0,1,0,1,5.6,8,47.1,0,2,1,3,18.8
Shaq Thompson,9458,LB,14,CAR,337,72,21.4,4,2,7,13,11.8,28,40.6,2,0,3,5,12.5,41,59.4,2,2,3,7,11.0
Ha Ha Clinton-Dix,8656,S,16,WAS,569,17,3.0,1,1,1,3,11.8,8,47.1,0,1,0,1,6.3,9,52.9,1,0,1,2,16.7
Tremaine Edmunds,50905,LB,15,BUF,508,47,9.3,1,3,6,10,11.7,20,52.6,0,1,2,3,7.5,18,47.4,1,2,3,6,19.4
Kenny Moore II,51596,CB,15,IND,523,47,9.0,2,0,7,9,11.7,31,66.0,2,0,5,7,14.5,16,34.0,0,0,2,2,6.3
Jordan Poyer,8000,S,16,BUF,544,30,5.5,2,1,2,5,11.7,12,40.0,1,0,2,3,16.7,18,60.0,1,1,0,2,8.3
Budda Baker,11791,CB,14,ARZ,494,64,13.0,3,0,9,12,11.7,38,59.4,1,0,5,6,9.2,26,40.6,2,0,4,6,15.4
Myles Jack,10670,LB,16,JAX,580,56,9.7,2,0,9,11,11.6,21,44.7,2,0,1,3,11.9,26,55.3,0,0,6,6,11.5
Aaron Donald,8648,DI,16,LA,552,552,100.0,21,20,65,106,11.5,186,33.8,5,9,24,38,11.6,364,66.2,16,11,40,67,11.4
Tony Jefferson,8361,S,14,BLT,530,26,4.9,1,2,2,5,11.5,21,80.8,1,2,2,5,14.3,5,19.2,0,0,0,0,0.0
Shawn Williams,7865,S,16,CIN,542,22,4.1,1,1,2,4,11.4,11,50.0,0,1,0,1,4.5,11,50.0,1,0,2,3,18.2
L.J. Fort,7292,LB,11,PIT,202,53,26.2,1,2,8,11,11.3,24,53.3,0,2,5,7,14.6,21,46.7,0,0,2,2,4.8
Alex Anzalone,11831,LB,16,NO,337,58,17.2,1,2,9,12,11.2,23,46.9,1,2,4,7,17.4,26,53.1,0,0,5,5,9.6
Captain Munnerlyn,5140,CB,16,CAR,428,36,8.4,2,1,3,6,11.1,22,61.1,1,0,3,4,11.4,14,38.9,1,1,0,2,10.7
Carlos Watkins,11897,DI,4,HST,27,27,100.0,1,0,4,5,11.1,11,40.7,1,0,1,2,13.6,16,59.3,0,0,3,3,9.4
Tashaun Gipson Sr.,7288,S,16,JAX,576,18,3.1,0,1,3,4,11.1,10,55.6,0,0,1,1,5.0,8,44.4,0,1,2,3,18.8
Anthony Harris,9895,S,11,MIN,333,9,2.7,0,1,1,2,11.1,7,77.8,0,1,1,2,14.3,2,22.2,0,0,0,0,0.0
Kwon Alexander,9557,LB,6,TB,229,27,11.8,1,1,3,5,11.1,7,35.0,0,0,0,0,0.0,13,65.0,1,0,3,4,19.2
Eddie Pleasant,7593,S,5,GB,56,9,16.1,0,0,2,2,11.1,3,33.3,0,0,1,1,16.7,6,66.7,0,0,1,1,8.3
Danny Trevathan,7177,LB,16,CHI,639,86,13.5,2,2,13,17,11.0,41,48.8,1,1,7,9,12.2,43,51.2,1,1,6,8,10.5
Josh Jones,11816,S,11,GB,295,32,10.8,1,0,5,6,10.9,17,56.7,0,0,5,5,14.7,13,43.3,1,0,0,1,7.7
Jerry Hughes,5556,ED,16,BUF,403,375,93.1,8,12,54,74,10.9,22,5.9,0,1,4,5,11.4,353,94.1,8,11,50,69,10.9
Josh Jackson,50417,CB,16,GB,437,23,5.3,0,0,5,5,10.9,8,36.4,0,0,1,1,6.3,14,63.6,0,0,4,4,14.3
Tae Davis,26296,LB,11,NYG,205,32,15.6,2,1,2,5,10.9,11,39.3,1,1,0,2,13.6,17,60.7,1,0,2,3,11.8
Jayon Brown,11910,LB,16,TEN,521,97,18.6,5,4,7,16,10.8,48,52.7,2,2,3,7,9.4,43,47.3,3,2,3,8,12.8
Jon Bostic,7831,LB,15,PIT,285,56,19.6,2,1,7,10,10.7,32,60.4,0,0,5,5,7.8,21,39.6,2,1,1,4,14.3
Corey Graham,3784,S,13,PHI,442,14,3.2,0,0,3,3,10.7,9,64.3,0,0,2,2,11.1,5,35.7,0,0,1,1,10.0
Ja'Whaun Bentley,50966,LB,3,NE,83,14,16.9,0,1,2,3,10.7,5,35.7,0,0,2,2,20.0,9,64.3,0,1,0,1,5.6
Daeshon Hall,11832,ED,3,PHI,14,14,100.0,1,0,1,2,10.7,0,0.0,0,0,0,0,,12,100.0,1,0,1,2,12.5
Jermaine Whitehead,9698,S,8,CLV,153,28,18.3,1,1,3,5,10.7,15,53.6,0,1,1,2,6.7,13,46.4,1,0,2,3,15.4
Tre Boston,8763,S,14,ARZ,506,19,3.8,0,2,2,4,10.5,6,31.6,0,1,1,2,16.7,13,68.4,0,1,1,2,7.7
Matthew Adams,38526,LB,12,IND,85,19,22.4,0,2,2,4,10.5,4,23.5,0,0,1,1,12.5,13,76.5,0,2,1,3,11.5
Antonio Morrison,10759,LB,16,GB,120,19,15.8,1,1,1,3,10.5,8,50.0,0,0,1,1,6.3,8,50.0,1,1,0,2,18.8
Cameron Wake,4907,ED,14,MIA,292,286,97.9,6,10,38,54,10.5,284,99.3,6,10,37,53,10.4,2,0.7,0,0,1,1,25.0
Vince Williams,7988,LB,14,PIT,437,110,25.2,5,5,8,18,10.5,30,30.0,2,1,0,3,8.3,70,70.0,2,4,7,13,10.7
Dekoda Watson,5740,ED,4,SF,48,48,100.0,3,0,4,7,10.4,1,2.1,0,0,1,1,50.0,47,97.9,3,0,3,6,9.6
Haason Reddick,11768,LB,16,ARZ,449,106,23.6,4,4,10,18,10.4,54,51.4,3,2,7,12,13.9,51,48.6,1,2,3,6,6.9
Landon Collins,9466,S,12,NYG,436,24,5.5,0,2,3,5,10.4,11,45.8,0,1,1,2,9.1,13,54.2,0,1,2,3,11.5
A.J. Klein,7930,LB,16,NO,390,63,16.2,2,2,7,11,10.3,32,55.2,0,1,2,3,4.7,26,44.8,1,1,5,7,15.4
Uchenna Nwosu,50084,ED,16,LAC,175,151,86.3,4,6,17,27,10.3,53,35.1,3,2,3,8,10.4,98,64.9,1,4,14,19,10.2
Matt Milano,11918,LB,13,BUF,409,54,13.2,1,2,7,10,10.2,28,54.9,0,0,4,4,7.1,23,45.1,1,2,3,6,15.2
Tavon Wilson,7051,S,14,DET,175,5,2.9,0,0,1,1,10.0,1,20.0,0,0,1,1,50.0,4,80.0,0,0,0,0,0.0
Bene Benwikere,8783,CB,11,OAK,312,10,3.2,1,0,0,1,10.0,5,50.0,1,0,0,1,20.0,5,50.0,0,0,0,0,0.0
Joe Thomas,9272,LB,6,DAL,39,5,12.8,0,0,1,1,10.0,3,100.0,0,0,1,1,16.7,0,0.0,0,0,0,0,
Bashaud Breeland,8737,CB,7,GB,183,10,5.5,0,0,2,2,10.0,6,60.0,0,0,0,0,0.0,4,40.0,0,0,2,2,25.0
Mike Hull,9815,LB,2,MIA,21,5,23.8,0,0,1,1,10.0,1,20.0,0,0,0,0,0.0,4,80.0,0,0,1,1,12.5
Preston Brown,8708,LB,7,CIN,192,10,5.2,0,0,2,2,10.0,4,50.0,0,0,0,0,0.0,4,50.0,0,0,1,1,12.5
Lorenzo Alexander,2476,LB,16,BUF,355,226,63.7,7,4,27,38,10.0,176,79.3,6,3,21,30,10.2,46,20.7,1,1,5,7,8.7
Tramon Williams,3558,S,16,GB,597,15,2.5,0,0,3,3,10.0,3,20.0,0,0,0,0,0.0,12,80.0,0,0,3,3,12.5
Quandre Diggs,9633,S,16,DET,540,5,0.9,0,1,0,1,10.0,0,0.0,0,0,0,0,,5,100.0,0,1,0,1,10.0
Jordan Evans,11947,LB,14,CIN,248,10,4.0,1,0,0,1,10.0,8,80.0,1,0,0,1,12.5,2,20.0,0,0,0,0,0.0
Demario Davis,7079,LB,16,NO,551,101,18.3,4,6,6,16,9.9,42,42.4,2,1,2,5,8.3,57,57.6,2,5,4,11,11.4
Malcolm Smith,6394,LB,12,SF,178,31,17.4,0,3,3,6,9.7,10,37.0,0,2,1,3,15.0,17,63.0,0,1,2,3,8.8
B.J. Goodson,10743,LB,15,NYG,231,31,13.4,0,4,2,6,9.7,9,29.0,0,2,0,2,11.1,22,71.0,0,2,2,4,9.1
Jabrill Peppers,11780,S,16,CLV,455,67,14.7,1,3,8,12,9.7,32,47.8,1,1,4,6,10.9,35,52.2,0,2,4,6,8.6
Damien Wilson,9560,LB,16,DAL,129,26,20.2,1,1,2,4,9.6,12,46.2,0,0,1,1,4.2,14,53.8,1,1,1,3,14.3
Chris Jones,10671,DI,16,KC,474,471,99.4,16,14,44,74,9.6,135,29.2,6,1,13,20,9.6,327,70.8,10,13,29,52,9.5
Delano Hill,11849,S,13,SEA,206,16,7.8,0,2,1,3,9.4,9,56.3,0,0,1,1,5.6,7,43.8,0,2,0,2,14.3
Morgan Burnett,5596,S,11,PIT,256,16,6.3,0,2,1,3,9.4,11,68.8,0,1,0,1,4.5,5,31.3,0,1,1,2,20.0
Fletcher Cox,7018,DI,16,PHI,575,572,99.5,11,24,60,95,9.3,406,75.5,6,17,41,64,8.6,132,24.5,5,6,14,25,11.4
Luke Kuechly,7015,LB,16,CAR,553,70,12.7,1,3,8,12,9.3,34,55.7,0,0,3,3,4.4,27,44.3,0,3,3,6,11.1
Lerentee McCray,8159,ED,12,JAX,72,70,97.2,1,1,10,12,9.3,46,65.7,1,1,8,10,12.0,24,34.3,0,0,2,2,4.2
Joey Bosa,10637,ED,7,LAC,186,185,99.5,6,3,19,28,9.2,85,46.2,5,1,8,14,11.2,99,53.8,1,2,11,14,7.6
Khalil Mack,8640,ED,14,CHI,502,441,87.8,13,7,48,68,9.2,227,51.5,8,5,29,42,11.0,214,48.5,5,2,19,26,7.2
Jourdan Lewis,11846,CB,12,DAL,139,11,7.9,0,0,2,2,9.1,5,45.5,0,0,1,1,10.0,6,54.5,0,0,1,1,8.3
Sam Acho,6255,ED,2,CHI,13,11,84.6,0,0,2,2,9.1,1,9.1,0,0,0,0,0.0,10,90.9,0,0,2,2,10.0
Michael Thomas,7279,S,16,NYG,315,22,7.0,1,0,2,3,9.1,11,50.0,0,0,0,0,0.0,11,50.0,1,0,2,3,18.2
Patrick Chung,4957,S,15,NE,573,45,7.9,1,1,5,7,8.9,25,56.8,0,1,1,2,4.0,19,43.2,1,0,4,5,15.8
Dee Ford,8658,ED,16,KC,604,518,85.8,15,17,45,77,8.9,335,64.7,9,12,32,53,9.3,183,35.3,6,5,13,24,8.2
Elijah Lee,11987,LB,9,SF,258,28,10.9,0,1,4,5,8.9,7,26.9,0,0,0,0,0.0,19,73.1,0,1,4,5,13.2
Todd Davis,9007,LB,16,DEN,448,45,10.0,0,4,4,8,8.9,22,52.4,0,1,3,4,9.1,20,47.6,0,3,1,4,10.0
Minkah Fitzpatrick,51206,CB,16,MIA,511,17,3.3,0,0,3,3,8.8,4,23.5,0,0,1,1,12.5,13,76.5,0,0,2,2,7.7
Frank Clark,9496,ED,16,SEA,465,441,94.8,13,13,38,64,8.7,186,42.2,4,8,17,29,8.9,255,57.8,9,5,21,35,8.6
Eric Kendricks,9478,LB,14,MIN,494,52,10.5,1,1,6,8,8.7,30,61.2,0,1,3,4,6.7,19,38.8,1,0,3,4,13.2
Avery Williamson,8786,LB,16,NYJ,642,92,14.3,3,1,9,13,8.7,31,44.9,1,0,3,4,8.1,38,55.1,2,1,3,6,10.5
Terrell Edmunds,51334,S,16,PIT,600,29,4.8,0,2,3,5,8.6,19,65.5,0,2,3,5,13.2,10,34.5,0,0,0,0,0.0
Joe Schobert,10733,LB,13,CLV,533,110,20.6,3,2,11,16,8.6,47,46.1,3,0,4,7,10.6,55,53.9,0,2,6,8,7.3
Justin Houston,6222,ED,12,KC,419,339,80.9,10,6,32,48,8.6,150,44.8,5,3,14,22,9.0,185,55.2,5,3,16,24,7.8
Kemoko Turay,21702,ED,14,IND,254,251,98.8,5,7,26,38,8.6,29,11.6,0,0,3,3,5.2,222,88.4,5,7,23,35,9.0
Danielle Hunter,9521,ED,16,MIN,491,478,97.4,15,3,49,67,8.6,261,54.8,10,0,24,34,8.4,215,45.2,5,3,25,33,8.8
Josh Bynes,6503,LB,11,ARZ,369,47,12.7,2,1,3,6,8.5,22,47.8,1,1,2,4,11.4,24,52.2,1,0,1,2,6.3
Wesley Woodyard,4583,LB,14,TEN,427,59,13.8,2,1,5,8,8.5,21,42.0,1,1,2,4,11.9,29,58.0,1,0,1,2,5.2
Matt Ioannidis,10786,DI,14,WAS,259,258,99.6,8,3,25,36,8.5,246,96.5,8,3,25,36,8.9,9,3.5,0,0,0,0,0.0
Jordan Hicks,9517,LB,12,PHI,478,59,12.3,2,2,4,8,8.5,26,51.0,2,0,3,5,13.5,25,49.0,0,1,0,1,2.0
Ryan Kerrigan,6168,ED,16,WAS,485,445,91.8,14,7,41,62,8.5,400,90.1,11,7,34,52,7.9,44,9.9,3,0,7,10,14.8
Von Miller,6154,ED,16,DEN,498,474,95.2,16,10,38,64,8.4,393,82.9,15,8,35,58,9.3,81,17.1,1,2,3,6,4.3
Jerome Baker,28091,LB,16,MIA,378,42,11.1,3,0,1,4,8.3,19,45.2,2,0,1,3,13.2,23,54.8,1,0,0,1,4.3
Joel Iyiegbuniwe,51221,LB,4,CHI,21,6,28.6,0,0,1,1,8.3,4,80.0,0,0,1,1,12.5,1,20.0,0,0,0,0,0.0
Reshad Jones,5686,S,14,MIA,422,12,2.8,0,0,2,2,8.3,3,25.0,0,0,1,1,16.7,9,75.0,0,0,1,1,5.6
George Odum,31342,S,9,IND,120,6,5.0,0,0,1,1,8.3,3,60.0,0,0,1,1,16.7,2,40.0,0,0,0,0,0.0
Duke Riley,11830,LB,14,ATL,236,6,2.5,0,1,0,1,8.3,3,75.0,0,0,0,0,0.0,1,25.0,0,0,0,0,0.0
Terrance Smith,11181,LB,7,KC,147,24,16.3,1,0,2,3,8.3,13,54.2,0,0,1,1,3.8,11,45.8,1,0,1,2,13.6
Demarcus Lawrence,8669,ED,16,DAL,472,456,96.6,13,11,39,63,8.3,445,97.6,13,11,38,62,8.4,11,2.4,0,0,1,1,4.5
Trey Flowers,9534,ED,15,NE,466,441,94.6,9,12,43,64,8.3,229,54.7,6,6,29,41,10.3,190,45.3,3,6,12,21,6.3
Adrian Clayborn,6172,ED,14,NE,258,257,99.6,3,8,28,39,8.2,2,0.8,0,0,0,0,0.0,255,99.2,3,8,28,39,8.2
Bradley Chubb,48526,ED,16,DEN,491,425,86.6,13,8,36,57,8.2,51,12.0,1,1,3,5,5.9,374,88.0,12,7,33,52,8.6
Adarius Taylor,9074,LB,15,TB,302,31,10.3,1,0,3,4,8.1,17,54.8,1,0,1,2,8.8,14,45.2,0,0,2,2,7.1
Derrick Kindred,10763,S,16,CLV,257,31,12.1,0,0,5,5,8.1,16,51.6,0,0,2,2,6.3,15,48.4,0,0,3,3,10.0
Alec Ogletree,7811,LB,13,NYG,480,86,17.9,1,3,9,13,8.1,46,55.4,1,1,5,7,8.7,37,44.6,0,2,4,6,8.1
Yannick Ngakoue,10703,ED,16,JAX,471,459,97.5,10,24,30,64,8.1,132,28.8,5,3,8,16,8.0,327,71.2,5,21,22,48,8.1
Za'Darius Smith,9555,ED,16,BLT,457,428,93.7,10,17,32,59,8.1,243,56.9,7,10,17,34,8.4,184,43.1,3,7,15,25,7.6
Jacob Martin,50152,ED,16,SEA,184,170,92.4,3,3,18,24,7.9,101,59.8,2,2,15,19,10.4,68,40.2,1,1,3,5,4.4
M.J. Stewart,49397,CB,8,TB,202,19,9.4,0,2,1,3,7.9,11,57.9,0,0,1,1,4.5,8,42.1,0,2,0,2,12.5
Tyus Bowser,11802,ED,14,BLT,105,76,72.4,1,0,10,11,7.9,44,57.9,1,0,7,8,10.2,32,42.1,0,0,3,3,4.7
Dont'a Hightower,7030,LB,15,NE,461,197,42.7,1,5,24,30,7.9,73,37.8,1,2,9,12,8.9,120,62.2,0,3,15,18,7.5
Vontarrius Dora,11014,ED,2,ARZ,21,19,90.5,0,2,1,3,7.9,17,89.5,0,2,1,3,8.8,2,10.5,0,0,0,0,0.0
Geno Atkins,5643,DI,16,CIN,469,466,99.4,9,9,46,64,7.8,185,42.0,1,3,16,20,5.7,255,58.0,7,4,28,39,9.0
Zach Cunningham,11812,LB,14,HST,455,32,7.0,0,0,5,5,7.8,19,61.3,0,0,5,5,13.2,12,38.7,0,0,0,0,0.0
Efe Obada,10235,ED,10,CAR,107,103,96.3,2,5,7,14,7.8,19,18.6,0,1,1,2,5.3,83,81.4,2,4,6,12,8.4
Takkarist McKinley,11781,ED,15,ATL,384,370,96.4,8,8,34,50,7.8,132,35.8,4,1,16,21,9.5,237,64.2,4,7,18,29,7.0
Matthew Judon,10780,ED,16,BLT,427,319,74.7,8,12,21,41,7.7,167,52.5,6,7,11,24,9.0,151,47.5,2,5,10,17,6.3
Nicholas Morrow,51674,LB,14,OAK,243,26,10.7,0,2,2,4,7.7,12,48.0,0,2,1,3,12.5,13,52.0,0,0,1,1,3.8
Leighton Vander Esch,50950,LB,16,DAL,468,13,2.8,0,0,2,2,7.7,6,46.2,0,0,2,2,16.7,7,53.8,0,0,0,0,0.0
Mike Hilton,10898,CB,15,PIT,418,52,12.4,1,4,2,7,7.7,25,48.1,0,4,0,4,8.0,27,51.9,1,0,2,3,7.4
Michael Bennett,5273,ED,16,PHI,522,513,98.3,11,20,37,68,7.7,335,65.4,8,13,25,46,8.1,177,34.6,3,7,12,22,7.1
Carl Lawson,11871,ED,7,CIN,174,172,98.9,1,7,17,25,7.6,8,4.7,0,0,0,0,0.0,164,95.3,1,7,17,25,7.9
Ryan Anderson,11804,ED,13,WAS,97,86,88.7,2,1,8,11,7.6,67,78.8,2,1,6,9,8.2,18,21.2,0,0,2,2,5.6
Jaylon Smith,10668,LB,16,DAL,575,72,12.5,0,4,7,11,7.6,30,44.8,0,2,2,4,6.7,37,55.2,0,2,4,6,8.1
J.J. Watt,6163,ED,16,HST,607,607,100.0,17,12,45,74,7.5,560,92.4,17,11,43,71,7.9,46,7.6,0,1,2,3,3.3
John Atkins,49918,DI,2,DET,20,20,100.0,0,1,2,3,7.5,5,29.4,0,0,0,0,0.0,12,70.6,0,1,1,2,8.3
Barkevious Mingo,7787,ED,16,SEA,270,67,24.8,2,2,4,8,7.5,33,49.3,0,1,2,3,4.5,34,50.7,2,1,2,5,10.3
Terrell Suggs,1326,ED,16,BLT,476,414,87.0,8,7,38,53,7.4,162,39.1,4,2,19,25,9.0,252,60.9,4,5,19,28,6.3
T.J. Watt,11785,ED,16,PIT,550,428,77.8,12,11,28,51,7.4,424,99.1,12,11,28,51,7.4,4,0.9,0,0,0,0,0.0
Mike Daniels,7132,DI,10,GB,220,219,99.5,1,3,27,31,7.3,94,43.3,1,0,11,12,6.9,123,56.7,0,2,16,18,7.3
Myles Garrett,11756,ED,16,CLV,588,558,94.9,15,16,36,67,7.3,53,9.5,2,4,5,11,12.3,505,90.5,13,12,31,56,6.8
Brandon Graham,5538,ED,16,PHI,523,517,98.9,5,9,56,70,7.3,172,33.4,3,4,25,32,10.2,343,66.6,2,5,31,38,5.8
Olivier Vernon,7074,ED,11,NYG,389,377,96.9,8,13,25,46,7.2,27,7.2,0,0,3,3,5.6,350,92.8,8,13,22,43,7.3
Jeremiah Attaochu,8685,ED,10,NYJ,103,97,94.2,2,4,6,12,7.2,48,49.5,2,1,4,7,9.4,49,50.5,0,3,2,5,5.1
Malik Jackson,7647,DI,16,JAX,388,384,99.0,4,9,38,51,7.2,243,65.1,1,6,21,28,6.0,130,34.9,3,3,13,19,8.5
Melvin Ingram III,7024,ED,16,LAC,535,505,94.4,9,9,46,64,7.2,282,56.4,4,5,29,38,7.4,218,43.6,5,4,17,26,7.1
Mike Love,48376,ED,3,BUF,14,14,100.0,0,0,2,2,7.1,0,0.0,0,0,0,0,,14,100.0,0,0,2,2,7.1
Leonard Johnson,7385,CB,3,ARZ,61,7,11.5,0,0,1,1,7.1,4,57.1,0,0,1,1,12.5,3,42.9,0,0,0,0,0.0
Randy Gregory,9493,ED,14,DAL,301,297,98.7,5,10,22,37,7.1,2,0.7,0,1,0,1,25.0,295,99.3,5,9,22,36,6.9
Kyler Fackrell,10722,ED,16,GB,348,224,64.4,11,1,9,21,7.1,63,28.3,3,0,4,7,7.9,160,71.7,8,1,5,14,6.9
Elandon Roberts,10848,LB,16,NE,218,28,12.8,0,1,3,4,7.1,12,57.1,0,1,1,2,8.3,9,42.9,0,0,0,0,0.0
Ben Gedeon,11875,LB,15,MIN,115,7,6.1,0,0,1,1,7.1,3,42.9,0,0,1,1,16.7,4,57.1,0,0,0,0,0.0
Denzel Perryman,9481,LB,9,LAC,207,7,3.4,0,0,1,1,7.1,4,66.7,0,0,1,1,12.5,2,33.3,0,0,0,0,0.0
Andrew Adams,11240,S,12,TB,222,7,3.2,0,1,0,1,7.1,2,50.0,0,0,0,0,0.0,2,50.0,0,0,0,0,0.0
Nigel Bradham,7105,LB,15,PHI,607,56,9.2,1,0,6,7,7.1,26,47.3,0,0,3,3,5.8,29,52.7,1,0,3,4,8.6
Benardrick McKinney,9476,LB,16,HST,541,63,11.6,2,3,2,7,7.1,33,64.7,2,0,1,3,7.6,18,35.3,0,3,0,3,8.3
Jatavis Brown,10809,LB,15,LAC,389,21,5.4,1,0,1,2,7.1,13,68.4,0,0,1,1,3.8,6,31.6,0,0,0,0,0.0
Brennan Scarlett,11169,LB,7,HST,56,14,25.0,0,2,0,2,7.1,7,50.0,0,1,0,1,7.1,7,50.0,0,1,0,1,7.1
Jihad Ward,10678,DI,6,IND,91,91,100.0,3,3,4,10,7.1,30,33.0,1,0,1,2,5.0,61,67.0,2,3,3,8,8.2
Marcell Harris,51408,S,7,SF,172,14,8.1,0,0,2,2,7.1,7,50.0,0,0,1,1,7.1,7,50.0,0,0,1,1,7.1
Mario Addison,6558,ED,16,CAR,409,387,94.6,10,1,34,45,7.1,15,3.9,1,0,1,2,10.0,372,96.1,9,1,33,43,7.0
Ray-Ray Armstrong,8271,LB,8,CLV,126,7,5.6,0,0,1,1,7.1,3,50.0,0,0,1,1,16.7,3,50.0,0,0,0,0,0.0
Garrison Smith,9310,DI,2,ARZ,14,14,100.0,0,0,2,2,7.1,8,57.1,0,0,1,1,6.3,6,42.9,0,0,1,1,8.3
Cameron Jordan,6176,ED,16,NO,567,539,95.1,11,9,45,65,7.1,523,97.4,11,9,45,65,7.3,14,2.6,0,0,0,0,0.0
Markus Golden,9491,ED,11,ARZ,215,208,96.7,3,4,19,26,7.0,203,97.6,3,4,18,25,6.9,5,2.4,0,0,1,1,10.0
Chris Long,4316,ED,16,PHI,439,433,98.6,8,15,30,53,7.0,375,86.6,8,14,29,51,7.9,58,13.4,0,1,1,2,1.7
Jordan Jenkins,10717,ED,16,NYJ,357,305,85.4,7,8,20,35,6.9,242,79.3,7,7,17,31,7.9,63,20.7,0,1,3,4,3.2
Lavonte David,7060,LB,14,TB,526,65,12.4,2,2,3,7,6.9,33,50.8,1,1,3,5,9.1,32,49.2,1,1,0,2,4.7
Tanoh Kpassagnon,11814,ED,9,KC,91,80,87.9,0,1,10,11,6.9,45,56.3,0,1,7,8,8.9,35,43.8,0,0,3,3,4.3
Calais Campbell,4364,ED,16,JAX,467,465,99.6,11,11,31,53,6.9,214,47.2,4,4,13,21,5.8,239,52.8,7,6,18,31,7.9
Reuben Foster,11786,LB,6,SF,199,29,14.6,0,2,2,4,6.9,15,53.6,0,1,1,2,6.7,13,46.4,0,1,1,2,7.7
Grady Jarrett,9570,DI,14,ATL,429,426,99.3,6,11,36,53,6.9,152,39.8,2,5,11,18,6.6,230,60.2,4,6,25,35,8.5
Cameron Heyward,6183,DI,16,PIT,510,510,100.0,11,9,39,59,6.9,6,1.3,0,0,0,0,0.0,463,98.7,9,9,33,51,6.5
Kenny Clark,10661,DI,13,GB,401,382,95.3,6,4,36,46,6.8,180,54.2,3,1,16,20,6.4,152,45.8,2,2,14,18,6.6
Shaquil Barrett,9000,ED,13,DEN,153,118,77.1,3,4,6,13,6.8,31,26.5,2,1,0,3,8.1,86,73.5,1,3,6,10,6.4
Robert Quinn,6166,ED,16,MIA,344,336,97.7,7,9,23,39,6.8,3,0.9,0,0,0,0,0.0,333,99.1,7,9,23,39,6.9
Justin Simmons,10732,S,16,DEN,608,22,3.6,0,0,3,3,6.8,14,63.6,0,0,1,1,3.6,8,36.4,0,0,2,2,12.5
Tavon Young,10738,CB,15,BLT,396,44,11.1,1,0,4,5,6.8,12,27.3,0,0,2,2,8.3,32,72.7,1,0,2,3,6.3
Trey Hendrickson,11858,ED,5,NO,77,74,96.1,0,3,7,10,6.8,32,43.8,0,1,4,5,7.8,41,56.2,0,2,3,5,6.1
Shaq Lawson,10653,ED,14,BUF,212,200,94.3,4,8,11,23,6.8,191,95.5,4,8,11,23,7.1,9,4.5,0,0,0,0,0.0
Jeff Holland,50287,ED,3,DEN,16,15,93.8,0,0,2,2,6.7,5,33.3,0,0,1,1,10.0,10,66.7,0,0,1,1,5.0
Cassius Marsh,8743,ED,16,SF,388,342,88.1,7,8,24,39,6.7,251,73.4,5,6,20,31,7.2,91,26.6,2,2,4,8,5.5
Preston Smith,9471,ED,16,WAS,491,441,89.8,6,9,38,53,6.7,32,7.3,0,1,4,5,7.8,409,92.7,6,8,34,48,6.6
Kyle Van Noy,8675,LB,16,NE,605,276,45.6,4,6,23,33,6.7,204,76.1,2,6,16,24,6.4,64,23.9,2,0,5,7,7.0
Pernell McPhee,6317,ED,13,WAS,125,112,89.6,0,8,7,15,6.7,33,29.5,0,1,2,3,4.5,79,70.5,0,7,5,12,7.6
John Johnson III,11847,S,16,LA,574,15,2.6,0,2,0,2,6.7,6,40.0,0,1,0,1,8.3,9,60.0,0,1,0,1,5.6
John Franklin-Myers,50088,ED,16,LA,218,216,99.1,2,4,21,27,6.7,132,61.1,0,3,15,18,6.8,84,38.9,2,1,6,9,6.5
Henry Anderson,9526,DI,16,NYJ,437,425,97.3,8,9,31,48,6.6,65,17.4,1,1,5,7,6.2,308,82.6,5,7,22,34,6.3
Zach Moore,8833,ED,16,ARZ,117,114,97.4,4,2,5,11,6.6,64,56.6,1,0,3,4,3.9,49,43.4,3,2,1,6,9.2
Jabaal Sheard,6189,ED,16,IND,491,471,95.9,6,7,43,56,6.6,449,95.5,6,7,42,55,6.8,21,4.5,0,0,1,1,2.4
Sheldon Rankins,10646,DI,16,NO,430,411,95.6,8,6,32,46,6.6,270,70.9,3,2,24,29,5.9,111,29.1,2,1,7,10,5.4
Genard Avery,49699,ED,16,CLV,464,340,73.3,5,7,28,40,6.6,269,79.4,5,6,17,28,6.1,70,20.6,0,1,11,12,8.6
Marcus Davenport,50291,ED,13,NO,261,251,96.2,5,8,15,28,6.6,3,1.2,0,0,2,2,33.3,248,98.8,5,8,13,26,6.3
Vonn Bell,10695,S,16,NO,501,31,6.2,1,2,0,3,6.5,16,51.6,0,2,0,2,6.3,15,48.4,1,0,0,1,6.7
David Parry,9584,DI,3,MIN,31,31,100.0,1,0,2,3,6.5,18,60.0,0,0,1,1,2.8,12,40.0,1,0,1,2,12.5
Isaiah Irving,12171,ED,9,CHI,76,69,90.8,1,2,5,8,6.5,8,11.8,0,0,0,0,0.0,60,88.2,1,2,5,8,7.5
Justin Hamilton,9732,DI,4,KC,23,23,100.0,0,0,3,3,6.5,7,30.4,0,0,2,2,14.3,16,69.6,0,0,1,1,3.1
Tim Williams,11833,ED,7,BLT,80,69,86.3,2,1,4,7,6.5,48,69.6,1,1,1,3,4.2,21,30.4,1,0,3,4,11.9
DeForest Buckner,10641,DI,16,SF,507,507,100.0,13,9,31,53,6.5,195,39.7,4,5,11,20,6.2,296,60.3,7,3,19,29,6.1
Jarran Reed,10683,DI,16,SEA,478,467,97.7,11,13,26,50,6.5,260,57.6,5,7,19,31,6.9,191,42.4,6,6,5,17,6.0
Denico Autry,8982,DI,12,IND,327,323,98.8,8,3,23,34,6.5,155,48.9,3,2,12,17,6.5,162,51.1,4,1,11,16,6.2
Rashaan Evans,50213,LB,14,TEN,259,62,23.9,0,1,7,8,6.5,24,45.3,0,0,2,2,4.2,29,54.7,0,1,4,5,8.6
Bruce Irvin,7021,ED,16,ATL,276,251,90.9,7,5,13,25,6.4,39,15.5,2,0,3,5,9.0,212,84.5,5,5,10,20,5.9
Frankie Luvu,51028,ED,14,NYJ,284,236,83.1,3,7,17,27,6.4,89,38.0,2,4,7,13,8.4,145,62.0,1,3,9,13,4.8
Arik Armstead,9450,ED,16,SF,312,311,99.7,3,8,26,37,6.4,197,68.4,1,6,23,30,7.9,91,31.6,1,2,2,5,3.3
Sheldon Richardson,7794,DI,16,MIN,409,407,99.5,5,12,30,47,6.4,217,54.4,1,6,18,25,6.0,182,45.6,4,6,11,21,6.9
Brandon Copeland,8378,ED,16,NYJ,384,336,87.5,5,8,25,38,6.4,99,29.6,2,5,8,15,8.6,235,70.4,3,3,16,22,5.3
Whitney Mercilus,7031,ED,16,HST,508,349,68.7,5,8,27,40,6.4,120,35.2,2,3,8,13,6.3,221,64.8,3,5,19,27,6.8
Roy Robertson-Harris,11341,DI,16,CHI,257,256,99.6,4,7,17,28,6.3,17,7.6,0,0,1,1,2.9,207,92.4,4,5,16,25,7.0
Corey Thompson,18551,LB,3,BUF,28,8,28.6,0,1,0,1,6.3,3,37.5,0,0,0,0,0.0,5,62.5,0,1,0,1,10.0
Adrian Phillips,9177,S,16,LAC,444,8,1.8,0,0,1,1,6.3,5,71.4,0,0,0,0,0.0,2,28.6,0,0,1,1,25.0
Jalyn Holmes,48400,ED,5,MIN,41,40,97.6,1,0,3,4,6.3,28,70.0,0,0,1,1,1.8,12,30.0,1,0,2,3,16.7
Montae Nicholson,11878,S,10,WAS,309,8,2.6,0,0,1,1,6.3,5,62.5,0,0,0,0,0.0,3,37.5,0,0,1,1,16.7
Nate Orchard,9484,ED,4,KC,24,24,100.0,0,1,2,3,6.3,20,83.3,0,1,2,3,7.5,4,16.7,0,0,0,0,0.0
Nick Vigil,10721,LB,11,CIN,405,48,11.9,0,1,5,6,6.3,28,60.9,0,1,2,3,5.4,18,39.1,0,0,2,2,5.6
Fabian Moreau,11836,CB,16,WAS,536,8,1.5,0,0,1,1,6.3,4,50.0,0,0,0,0,0.0,4,50.0,0,0,1,1,12.5
Sheldon Day,10737,DI,12,SF,160,158,98.8,2,1,15,18,6.3,95,64.6,0,0,11,11,5.8,52,35.4,1,1,3,5,5.8
Lorenzo Carter,50126,ED,15,NYG,298,263,88.3,4,8,17,29,6.3,200,77.2,4,8,14,26,7.5,59,22.8,0,0,2,2,1.7
Nick Kwiatkoski,10747,LB,10,CHI,74,8,10.8,0,1,0,1,6.3,1,20.0,0,0,0,0,0.0,4,80.0,0,1,0,1,12.5
Kevin Pierre-Louis,8767,LB,5,NYJ,30,8,26.7,0,0,1,1,6.3,2,28.6,0,0,1,1,25.0,5,71.4,0,0,0,0,0.0
Geneo Grissom,9530,ED,1,NE,16,16,100.0,0,0,2,2,6.3,15,93.8,0,0,2,2,6.7,1,6.3,0,0,0,0,0.0
Charles Harris,11777,ED,11,MIA,172,167,97.1,1,3,16,20,6.3,143,85.6,1,3,16,20,7.3,24,14.4,0,0,0,0,0.0
Derek Barnett,11769,ED,6,PHI,160,159,99.4,3,5,9,17,6.3,2,1.3,0,0,1,1,25.0,157,98.7,3,5,8,16,6.1
Ufomba Kamalu,11164,ED,2,NE,16,16,100.0,0,0,2,2,6.3,8,50.0,0,0,1,1,6.3,8,50.0,0,0,1,1,6.3
Christian Covington,9649,DI,12,HST,185,178,96.2,4,4,10,18,6.2,81,50.6,2,1,2,5,4.3,79,49.4,2,3,7,12,8.9
Jadeveon Clowney,8636,ED,15,HST,577,550,95.3,9,12,38,59,6.2,64,11.8,1,2,3,6,5.5,480,88.2,8,10,35,53,6.4
Jamie Collins Sr.,7833,LB,16,CLV,609,130,21.3,3,2,8,13,6.2,67,54.9,3,1,4,8,8.2,55,45.1,0,0,3,3,2.7
Ronald Blair III,10776,ED,16,SF,328,313,95.4,8,8,15,31,6.2,112,36.0,4,3,5,12,7.1,199,64.0,4,5,10,19,5.8
Will Parks,10853,S,16,DEN,347,33,9.5,0,2,2,4,6.1,12,36.4,0,1,1,2,8.3,21,63.6,0,1,1,2,4.8
Benson Mayowa,8196,ED,15,ARZ,288,269,93.4,4,7,18,29,6.1,262,97.4,4,6,17,27,5.9,7,2.6,0,1,1,2,14.3
Akiem Hicks,7090,DI,16,CHI,487,484,99.4,8,10,33,51,6.1,445,94.9,8,9,31,48,6.3,24,5.1,0,1,2,3,6.3
Jullian Taylor,48684,ED,6,SF,33,33,100.0,0,1,3,4,6.1,22,66.7,0,0,3,3,6.8,11,33.3,0,1,0,1,4.5
Javon Hargrave,10723,DI,16,PIT,230,229,99.6,7,1,13,21,6.1,114,83.2,5,0,4,9,6.1,23,16.8,0,0,2,2,4.3
Dante Fowler Jr.,9436,ED,15,LA,372,354,95.2,4,5,30,39,6.1,152,42.9,2,3,17,22,7.9,202,57.1,2,2,13,17,4.7
John Jenkins,7863,DI,7,NYG,25,25,100.0,0,1,2,3,6.0,13,52.0,0,1,1,2,7.7,12,48.0,0,0,1,1,4.2
Tom Johnson,3378,DI,14,MIN,241,240,99.6,5,3,16,24,6.0,152,63.9,4,3,13,20,7.9,86,36.1,1,0,3,4,2.9
Anthony Hitchens,8754,LB,15,KC,534,50,9.4,0,1,5,6,6.0,23,48.9,0,0,1,1,2.2,24,51.1,0,1,4,5,10.4
Romeo Okwara,11250,ED,15,DET,398,390,98.0,8,7,24,39,6.0,65,17.0,1,1,7,9,7.7,318,83.0,7,6,16,29,5.7
Deatrich Wise Jr.,11886,ED,16,NE,283,283,100.0,5,10,14,29,6.0,149,52.7,2,7,8,17,6.4,134,47.3,3,3,6,12,5.6
Bruce Hector,48759,DI,8,PHI,50,50,100.0,1,0,4,5,6.0,17,35.4,0,0,1,1,2.9,31,64.6,1,0,3,4,8.1
Bud Dupree,9455,ED,16,PIT,533,441,82.7,6,8,32,46,5.9,29,6.6,1,1,3,5,10.3,408,93.4,5,7,29,41,5.6
Kyle Emanuel,9586,LB,14,LAC,100,17,17.0,0,1,1,2,5.9,6,35.3,0,1,0,1,8.3,11,64.7,0,0,1,1,4.5
Duron Harmon,7872,S,16,NE,433,17,3.9,0,1,1,2,5.9,4,23.5,0,0,1,1,12.5,13,76.5,0,1,0,1,3.8
Jurrell Casey,6229,DI,15,TEN,442,439,99.3,8,6,30,44,5.9,178,47.6,5,0,11,16,5.9,196,52.4,3,6,15,24,6.9
De'Vondre Campbell,10749,LB,16,ATL,532,94,17.7,2,1,6,9,5.9,42,46.2,0,0,3,3,3.6,49,53.8,2,1,3,6,8.2
Dawuane Smoot,11823,ED,8,JAX,116,111,95.7,0,4,9,13,5.9,79,71.2,0,3,8,11,7.0,32,28.8,0,1,1,2,3.1
Jason Pierre-Paul,5540,ED,16,TB,521,505,96.9,13,8,25,46,5.8,100,19.8,2,1,7,10,6.0,405,80.2,11,7,18,36,5.8
Leonard Williams,9439,DI,16,NYJ,511,509,99.6,6,16,31,53,5.8,358,72.8,6,10,27,43,6.8,134,27.2,0,4,4,8,3.0
Da'Shawn Hand,48386,DI,13,DET,243,243,100.0,3,0,22,25,5.8,120,62.2,3,0,9,12,6.3,73,37.8,0,0,5,5,3.4
Kiko Alonso,7827,LB,15,MIA,528,69,13.1,0,1,7,8,5.8,33,50.0,0,0,2,2,3.0,33,50.0,0,1,5,6,9.1
Jonathan Woodard,10860,ED,6,MIA,53,52,98.1,1,1,3,5,5.8,41,78.8,1,1,3,5,7.3,11,21.2,0,0,0,0,0.0
Vita Vea,48956,DI,13,TB,253,248,98.0,3,1,22,26,5.8,129,54.0,0,0,10,10,3.9,110,46.0,3,1,12,16,8.6
Samson Ebukam,11880,ED,16,LA,386,285,73.8,3,3,24,30,5.8,146,51.2,2,1,16,19,7.2,139,48.8,1,2,8,11,4.3
John Simon,7911,ED,11,NE,133,120,90.2,2,1,9,12,5.8,95,80.5,1,1,5,7,4.2,23,19.5,1,0,4,5,13.0
Kyle Wilber,7113,ED,4,OAK,31,26,83.9,0,0,3,3,5.8,11,42.3,0,0,3,3,13.6,15,57.7,0,0,0,0,0.0
Everson Griffen,5624,ED,11,MIN,315,307,97.5,7,6,15,28,5.7,10,3.3,0,1,0,1,5.0,297,96.7,7,5,15,27,5.7
Thomas Davis Sr.,2231,LB,12,CAR,375,61,16.3,0,2,5,7,5.7,31,50.8,0,1,0,1,1.6,30,49.2,0,1,5,6,10.0
Dan McCullers,8849,DI,14,PIT,44,44,100.0,1,0,3,4,5.7,16,59.3,0,0,0,0,0.0,11,40.7,0,0,1,1,4.5
Vincent Taylor,11949,DI,8,MIA,97,97,100.0,2,0,7,9,5.7,82,87.2,2,0,4,6,4.9,12,12.8,0,0,3,3,12.5
Eli Harold,9512,ED,11,DET,121,106,87.6,4,1,3,8,5.7,38,35.8,1,0,2,3,5.3,68,64.2,3,1,1,5,5.9
Sam Hubbard,48457,ED,16,CIN,333,312,93.7,6,4,19,29,5.6,156,50.3,2,1,8,11,4.2,154,49.7,4,2,11,17,6.8
Javien Elliott,11418,CB,11,TB,229,18,7.9,0,1,1,2,5.6,8,44.4,0,0,1,1,6.3,10,55.6,0,1,0,1,5.0
Alex Okafor,7885,ED,16,NO,423,394,93.1,5,7,27,39,5.6,64,16.3,0,1,5,6,4.7,328,83.7,5,6,22,33,5.8
Daniel Sorensen,9253,S,7,KC,199,18,9.0,0,1,1,2,5.6,8,44.4,0,1,1,2,12.5,10,55.6,0,0,0,0,0.0
Carlos Dunlap,5579,ED,16,CIN,516,504,97.7,8,14,26,48,5.6,345,68.6,6,10,16,32,5.5,158,31.4,2,4,10,16,5.7
Parry Nickerson,50511,CB,8,NYJ,152,9,5.9,0,0,1,1,5.6,4,44.4,0,0,1,1,12.5,5,55.6,0,0,0,0,0.0
Jeremiah Ledbetter,11960,DI,1,TB,9,9,100.0,0,0,1,1,5.6,8,88.9,0,0,0,0,0.0,1,11.1,0,0,1,1,50.0
Bilal Nichols,28451,DI,14,CHI,186,186,100.0,4,4,9,17,5.6,67,41.1,2,3,5,10,9.0,96,58.9,2,1,2,5,3.6
Matt Longacre,9910,ED,13,LA,136,127,93.4,1,5,7,13,5.5,52,40.9,1,2,3,6,6.7,75,59.1,0,3,4,7,4.7
Mason Foster,6236,LB,16,WAS,595,82,13.8,1,0,7,8,5.5,39,54.2,0,0,3,3,3.8,33,45.8,1,0,4,5,9.1
Chandler Jones,7027,ED,16,ARZ,513,491,95.7,12,5,25,42,5.5,16,3.3,1,0,0,1,6.3,475,96.7,11,5,25,41,5.5
Trent Murphy,8682,ED,13,BUF,260,242,93.1,5,4,12,21,5.4,238,98.3,5,4,12,21,5.5,4,1.7,0,0,0,0,0.0
Tyrone Crawford,7083,DI,15,DAL,403,401,99.5,6,4,27,37,5.4,160,40.5,3,1,12,16,5.9,235,59.5,3,2,14,19,4.7
Harold Landry III,48600,ED,15,TEN,387,354,91.5,4,8,22,34,5.4,184,52.0,3,3,16,22,6.8,170,48.0,1,5,6,12,3.8
David Irving,10063,DI,2,DAL,37,37,100.0,1,1,1,3,5.4,29,80.6,1,1,1,3,6.9,7,19.4,0,0,0,0,0.0
Sharif Finch,50221,ED,15,TEN,105,92,87.6,2,1,5,8,5.4,35,38.0,1,0,2,3,5.7,57,62.0,1,1,3,5,5.3
Kyle Williams,3079,DI,16,BUF,393,389,99.0,8,7,19,34,5.4,137,36.5,3,1,5,9,4.4,238,63.5,5,5,12,22,5.7
Reggie Gilbert,11147,ED,16,GB,269,225,83.6,3,5,13,21,5.3,133,59.9,3,4,9,16,7.1,89,40.1,0,1,4,5,2.8
Cameron Sutton,11850,CB,10,PIT,178,19,10.7,0,2,0,2,5.3,7,36.8,0,2,0,2,14.3,12,63.2,0,0,0,0,0.0
Devante Bond,10817,LB,10,TB,85,19,22.4,0,1,1,2,5.3,7,36.8,0,0,1,1,7.1,12,63.2,0,1,0,1,4.2
Foyesade Oluokun,24904,LB,16,ATL,282,19,6.7,0,1,1,2,5.3,10,55.6,0,1,1,2,10.0,8,44.4,0,0,0,0,0.0
A'Shawn Robinson,10680,DI,13,DET,189,189,100.0,1,3,15,19,5.3,43,24.9,0,2,5,7,8.1,130,75.1,0,1,8,9,3.5
Stephon Tuitt,8681,DI,14,PIT,446,445,99.8,6,14,21,41,5.3,413,94.1,5,14,17,36,5.0,26,5.9,1,0,4,5,11.5
Dorian O'Daniel,51487,LB,13,KC,232,19,8.2,0,0,2,2,5.3,7,38.9,0,0,1,1,7.1,11,61.1,0,0,1,1,4.5
Vinny Curry,7061,ED,12,TB,261,253,96.9,3,5,16,24,5.3,168,66.4,2,2,11,15,5.1,85,33.6,1,3,5,9,5.9
Shelby Harris,8869,DI,16,DEN,210,209,99.5,3,6,10,19,5.3,63,30.9,0,1,2,3,2.4,141,69.1,3,5,8,16,6.7
Tyquan Lewis,48475,ED,8,IND,199,189,95.0,3,6,8,17,5.3,35,18.5,1,0,1,2,4.3,154,81.5,2,6,7,15,5.5
Brian Orakpo,4936,ED,13,TEN,341,291,85.3,2,6,21,29,5.3,57,19.6,1,2,6,9,8.8,234,80.4,1,4,15,20,4.5
Kony Ealy,8695,ED,3,OAK,29,29,100.0,0,0,3,3,5.2,18,62.1,0,0,2,2,5.6,11,37.9,0,0,1,1,4.5
Gerald McCoy,5528,DI,14,TB,427,426,99.8,6,12,20,38,5.2,333,80.4,5,9,17,31,5.4,81,19.6,1,3,2,6,4.3
Caraun Reid,8793,DI,10,DAL,107,105,98.1,1,2,7,10,5.2,38,37.3,0,0,4,4,5.3,64,62.7,1,2,3,6,5.5
Fred Warner,51222,LB,16,SF,598,67,11.2,0,2,5,7,5.2,31,55.4,0,1,4,5,8.1,25,44.6,0,0,1,1,2.0
Adolphus Washington,10714,DI,5,CIN,68,68,100.0,1,1,4,6,5.1,44,64.7,1,1,2,4,5.7,24,35.3,0,0,2,2,4.2
B.J. Hill,49894,DI,16,NYG,327,326,99.7,6,1,20,27,5.1,165,51.9,2,1,8,11,3.9,153,48.1,4,0,11,15,6.2
Stephen Weatherly,10861,ED,16,MIN,307,294,95.8,3,6,18,27,5.1,236,80.5,2,5,17,24,5.5,57,19.5,1,1,1,3,3.5
Akeem Spence,7882,DI,16,MIA,337,335,99.4,2,7,23,32,5.1,300,91.5,2,6,21,29,5.2,28,8.5,0,1,0,1,1.8
Julius Peppers,1010,ED,16,CAR,335,324,96.7,5,6,17,28,5.1,289,89.5,4,5,15,24,4.8,34,10.5,1,1,1,3,5.9
Kawann Short,7825,DI,14,CAR,363,360,99.2,3,4,27,34,5.1,137,39.8,0,0,8,8,2.9,207,60.2,3,4,16,23,6.3
C.J. Mosley,8652,LB,15,BLT,550,148,26.9,1,1,12,14,5.1,67,52.3,1,0,4,5,4.5,61,47.7,0,1,5,6,4.9
Carl Nassib,10699,ED,15,TB,341,328,96.2,6,7,14,27,5.0,255,77.7,4,7,13,24,5.5,73,22.3,2,0,1,3,3.4
Ndamukong Suh,5527,DI,16,LA,527,526,99.8,5,11,32,48,5.0,351,70.2,5,7,23,35,5.7,149,29.8,0,4,7,11,3.7
Will Clarke,8723,ED,3,TB,10,10,100.0,0,0,1,1,5.0,6,60.0,0,0,1,1,8.3,4,40.0,0,0,0,0,0.0
RJ McIntosh,48873,DI,6,NYG,30,30,100.0,0,1,2,3,5.0,17,56.7,0,1,0,1,2.9,13,43.3,0,0,2,2,7.7
Quinton Jefferson,10781,DI,16,SEA,351,351,100.0,4,10,17,31,5.0,156,44.7,2,2,5,9,3.5,193,55.3,2,8,12,22,6.2
Jonathan Allen,11772,DI,16,WAS,446,443,99.3,8,7,21,36,5.0,7,1.6,0,0,1,1,7.1,427,98.4,8,6,20,34,4.9
David Onyemata,10754,DI,16,NO,399,388,97.2,5,1,28,34,5.0,112,29.3,0,0,7,7,3.1,270,70.7,5,1,21,27,5.9
Dion Jordan,7785,ED,12,SEA,192,189,98.4,2,5,10,17,5.0,116,61.4,1,3,6,10,4.7,73,38.6,1,2,4,7,5.5
Aaron Lynch,8785,ED,13,CHI,222,190,85.6,3,6,7,16,5.0,97,51.1,2,3,3,8,5.2,93,48.9,1,3,4,8,4.8
Taven Bryan,48753,ED,16,JAX,139,139,100.0,2,1,9,12,5.0,84,60.4,1,1,6,8,5.4,55,39.6,1,0,3,4,4.5
Maliek Collins,10701,DI,13,DAL,318,318,100.0,3,5,21,29,5.0,169,53.7,0,3,16,19,5.6,146,46.3,3,2,5,10,4.5
Mike Pennel,9316,DI,16,NYJ,137,134,97.8,0,2,11,13,4.9,65,55.1,0,2,9,11,8.5,53,44.9,0,0,1,1,0.9
Andrew Billings,10756,DI,16,CIN,277,277,100.0,3,4,17,24,4.9,105,39.5,1,2,6,9,4.8,161,60.5,2,2,10,14,5.0
Andre Branch,7042,ED,14,MIA,269,256,95.2,2,3,18,23,4.9,46,18.0,0,1,4,5,5.4,210,82.0,2,2,14,18,4.8
Jerel Worthy,7054,DI,4,TB,41,41,100.0,0,0,4,4,4.9,10,25.6,0,0,0,0,0.0,29,74.4,0,0,4,4,6.9
Arden Key,50201,ED,16,OAK,350,328,93.7,1,10,20,31,4.9,170,51.8,1,6,13,20,6.2,158,48.2,0,4,7,11,3.5
Jack Crawford,7151,DI,16,ATL,379,371,97.9,6,3,21,30,4.9,217,58.8,4,1,12,17,4.8,152,41.2,2,2,9,13,4.9
Chris Wormley,11829,DI,16,BLT,220,215,97.7,1,1,18,20,4.9,102,48.8,0,1,10,11,5.4,107,51.2,1,0,7,8,4.2
Devon Kennard,8809,ED,15,DET,478,400,83.7,6,7,20,33,4.9,365,92.2,5,7,19,31,4.9,31,7.8,1,0,1,2,4.8
Leonard Floyd,10643,ED,16,CHI,518,416,80.3,4,7,25,36,4.8,260,62.5,2,6,19,27,5.6,156,37.5,2,1,6,9,3.5
Clay Matthews,4949,ED,16,GB,430,356,82.8,4,7,19,30,4.8,234,65.9,4,6,11,21,5.3,121,34.1,0,1,8,9,3.7
Kareem Martin,8719,ED,16,NYG,316,272,86.1,2,9,13,24,4.8,129,48.0,1,2,6,9,3.9,140,52.0,1,7,7,15,5.7
Nick Perry,7033,ED,9,GB,175,157,89.7,2,1,10,13,4.8,37,23.6,0,0,3,3,4.1,120,76.4,2,1,7,10,5.0
Chris Landrum,10992,ED,7,LAC,73,73,100.0,0,2,5,7,4.8,29,39.7,0,1,1,2,3.4,44,60.3,0,1,4,5,5.7
Corey Liuget,6170,DI,6,LAC,129,126,97.7,2,2,6,10,4.8,60,51.3,1,0,0,1,1.7,57,48.7,1,2,6,9,8.8
Isaac Rochell,11980,ED,16,LAC,343,342,99.7,6,1,19,26,4.7,206,61.7,4,1,12,17,5.1,128,38.3,2,0,6,8,3.9
Eddie Goldman,9472,DI,16,CHI,330,330,100.0,3,0,25,28,4.7,31,11.2,0,0,2,2,3.2,245,88.8,3,0,15,18,4.3
Dean Lowry,10771,DI,16,GB,349,348,99.7,4,3,22,29,4.7,195,56.2,2,2,13,17,4.9,152,43.8,2,1,9,12,4.6
Ethan Westbrooks,8976,DI,16,LA,97,97,100.0,1,1,6,8,4.6,50,53.2,1,1,2,4,5.0,44,46.8,0,0,4,4,4.5
Wes Horton,8484,ED,16,CAR,253,249,98.4,2,0,19,21,4.6,218,87.6,2,0,18,20,5.0,31,12.4,0,0,1,1,1.6
Solomon Thomas,11758,ED,16,SF,328,318,97.0,1,6,21,28,4.6,149,48.5,1,2,11,14,5.0,158,51.5,0,4,10,14,4.4
Vic Beasley Jr.,9441,ED,16,ATL,448,422,94.2,6,3,24,33,4.6,335,79.6,6,2,17,25,4.6,86,20.4,0,1,7,8,4.7
Michael Pierce,11101,DI,14,BLT,222,218,98.2,0,2,18,20,4.6,74,40.2,0,1,7,8,5.4,110,59.8,0,0,9,9,4.1
Breeland Speaks,48727,ED,16,KC,278,239,86.0,1,6,14,21,4.6,32,13.5,0,0,2,2,3.1,205,86.5,1,6,12,19,4.9
Kerry Hyder,9045,DI,7,DET,100,100,100.0,1,1,6,8,4.5,29,58.0,0,0,2,2,3.4,21,42.0,0,0,0,0,0.0
Leon Jacobs,44980,LB,12,JAX,56,11,19.6,0,0,1,1,4.5,6,54.5,0,0,0,0,0.0,5,45.5,0,0,1,1,10.0
Jaquiski Tartt,9479,S,8,SF,263,11,4.2,0,0,1,1,4.5,7,63.6,0,0,1,1,7.1,4,36.4,0,0,0,0,0.0
Mario Edwards Jr.,9468,DI,14,NYG,146,146,100.0,2,3,6,11,4.5,13,9.3,0,0,0,0,0.0,127,90.7,2,3,5,10,4.7
Kentrell Brice,11142,S,14,GB,370,11,3.0,0,0,1,1,4.5,5,45.5,0,0,0,0,0.0,6,54.5,0,0,1,1,8.3
Derrick Morgan,5541,ED,13,TEN,301,268,89.0,1,4,18,23,4.5,249,94.0,1,4,17,22,4.6,16,6.0,0,0,1,1,3.1
Manti Te'o,7819,LB,5,NO,67,11,16.4,0,0,1,1,4.5,8,88.9,0,0,1,1,6.3,1,11.1,0,0,0,0,0.0
Derrick Johnson,2232,LB,6,OAK,92,11,12.0,0,0,1,1,4.5,6,66.7,0,0,1,1,8.3,3,33.3,0,0,0,0,0.0
Malcolm Jenkins,4937,S,16,PHI,699,55,7.9,0,0,5,5,4.5,36,65.5,0,0,5,5,6.9,19,34.5,0,0,0,0,0.0
Kerry Wynn,8938,DI,14,NYG,258,257,99.6,2,0,19,21,4.5,206,80.5,2,0,15,17,4.6,50,19.5,0,0,4,4,4.0
Lawrence Guy,6385,DI,16,NE,258,257,99.6,1,10,11,22,4.5,212,82.5,0,8,9,17,4.0,45,17.5,1,2,2,5,6.7
Derek Rivers,11838,ED,6,NE,58,57,98.3,1,0,3,4,4.4,48,84.2,1,0,2,3,4.2,9,15.8,0,0,1,1,5.6
Christian Ringo,9643,DI,6,CIN,95,90,94.7,2,1,3,6,4.4,61,68.5,2,1,2,5,5.7,28,31.5,0,0,1,1,1.8
Darius Philon,9625,DI,16,LAC,354,351,99.2,5,4,17,26,4.4,187,55.0,1,1,8,10,2.9,153,45.0,4,3,8,15,6.2
William Hayes,4417,ED,3,MIA,45,45,100.0,2,0,0,2,4.4,42,93.3,2,0,0,2,4.8,3,6.7,0,0,0,0,0.0
Duke Ejiofor,39256,LB,12,HST,134,116,86.6,1,1,7,9,4.3,42,64.6,0,0,1,1,1.2,23,35.4,1,0,3,4,10.9
Kamalei Correa,10676,ED,13,TEN,185,140,75.7,4,1,3,8,4.3,53,38.1,3,1,2,6,8.5,86,61.9,1,0,1,2,1.7
William Gholston,7908,DI,16,TB,238,234,98.3,1,5,13,19,4.3,104,45.6,1,0,5,6,3.4,124,54.4,0,5,8,13,5.2
Rodney Gunter,9549,DI,16,ARZ,325,324,99.7,5,4,14,23,4.3,167,53.4,2,1,7,10,3.6,146,46.6,3,3,7,13,5.5
Jacquies Smith,7401,ED,6,OAK,41,36,87.8,0,1,2,3,4.2,21,58.3,0,1,0,1,2.4,15,41.7,0,0,2,2,6.7
Daniel Ross,51592,DI,13,DAL,133,131,98.5,1,6,3,10,4.2,61,46.6,1,1,1,3,3.3,70,53.4,0,5,2,7,5.0
Treyvon Hester,11999,DI,12,PHI,131,130,99.2,1,2,7,10,4.2,65,50.8,0,2,7,9,6.9,63,49.2,1,0,0,1,1.6
Leon Hall,3634,CB,10,OAK,207,12,5.8,0,1,0,1,4.2,3,25.0,0,0,0,0,0.0,9,75.0,0,1,0,1,5.6
Tanner Vallejo,11950,LB,6,CLV,79,12,15.2,0,0,1,1,4.2,4,44.4,0,0,0,0,0.0,5,55.6,0,0,1,1,10.0
Chuck Clark,11941,S,13,BLT,168,12,7.1,0,0,1,1,4.2,9,81.8,0,0,1,1,5.6,2,18.2,0,0,0,0,0.0
Jay Bromley,8709,DI,2,NO,13,12,92.3,0,0,1,1,4.2,6,54.5,0,0,1,1,8.3,5,45.5,0,0,0,0,0.0
Keionta Davis,23592,ED,6,NE,97,97,100.0,0,1,7,8,4.1,14,14.4,0,0,3,3,10.7,83,85.6,0,1,4,5,3.0
Taco Charlton,11783,ED,11,DAL,226,218,96.5,1,4,12,17,4.1,66,30.3,0,2,4,6,4.5,152,69.7,1,2,8,11,3.9
Anthony Chickillo,9645,ED,16,PIT,184,148,80.4,2,1,7,10,4.1,52,35.1,1,1,2,4,4.8,96,64.9,1,0,5,6,3.6
Steven Means,7929,ED,8,ATL,86,86,100.0,1,0,5,6,4.1,33,38.4,1,0,2,3,6.1,53,61.6,0,0,3,3,2.8
Larry Ogunjobi,11820,DI,16,CLV,546,527,96.5,7,8,21,36,4.1,133,35.5,0,2,6,8,3.0,242,64.5,1,3,5,9,2.1
Eric Lee,11165,ED,9,DET,63,62,98.4,0,0,5,5,4.0,19,30.6,0,0,2,2,5.3,43,69.4,0,0,3,3,3.5
Nathan Shepherd,24614,DI,16,NYJ,152,150,98.7,0,5,7,12,4.0,88,58.7,0,3,4,7,4.0,62,41.3,0,2,3,5,4.0
Shane Ray,9456,ED,11,DEN,152,138,90.8,1,0,9,10,4.0,61,44.2,0,0,4,4,3.3,77,55.8,1,0,5,6,4.5
Jordan Willis,11828,ED,16,CIN,279,277,99.3,2,4,14,20,4.0,181,66.3,1,3,7,11,3.3,92,33.7,1,1,7,9,5.4
Willie Henry,10766,DI,3,BLT,55,51,92.7,1,0,2,3,3.9,26,56.5,0,0,2,2,3.8,20,43.5,1,0,0,1,5.0
Dorance Armstrong,48557,ED,15,DAL,132,128,97.0,1,1,7,9,3.9,89,69.5,1,1,4,6,3.9,39,30.5,0,0,3,3,3.8
D.J. Reader,10800,DI,16,HST,329,318,96.7,2,2,19,23,3.9,153,52.2,1,1,9,11,3.9,140,47.8,1,1,8,10,3.9
Vernon Butler,10664,DI,14,CAR,179,178,99.4,1,3,9,13,3.9,163,95.3,1,2,9,12,4.0,8,4.7,0,0,0,0,0.0
Xavier Williams,9809,DI,16,KC,203,203,100.0,3,1,9,13,3.9,123,69.5,3,1,6,10,5.3,54,30.5,0,0,1,1,0.9
Vincent Rey,5811,LB,8,CIN,70,13,18.6,0,0,1,1,3.8,5,38.5,0,0,0,0,0.0,8,61.5,0,0,1,1,6.3
Erik Harris,10346,S,15,OAK,219,13,5.9,0,1,0,1,3.8,8,61.5,0,1,0,1,6.3,5,38.5,0,0,0,0,0.0
Christian Kirksey,8706,LB,7,CLV,280,53,18.9,0,1,3,4,3.8,22,45.8,0,1,2,3,6.8,26,54.2,0,0,1,1,1.9
Shilique Calhoun,10709,ED,7,OAK,68,65,95.6,0,1,4,5,3.8,44,67.7,0,1,2,3,3.4,21,32.3,0,0,2,2,4.8
Frank Zombo,5945,ED,3,KC,14,13,92.9,0,0,1,1,3.8,12,92.3,0,0,1,1,4.2,1,7.7,0,0,0,0,0.0
Tahir Whitehead,7135,LB,16,OAK,513,53,10.3,0,1,3,4,3.8,28,58.3,0,1,2,3,5.4,20,41.7,0,0,0,0,0.0
Brent Urban,8769,DI,16,BLT,308,305,99.0,1,0,21,22,3.8,153,53.1,1,0,11,12,4.2,135,46.9,0,0,8,8,3.0
Connor Barwin,4969,ED,15,NYG,163,157,96.3,1,3,7,11,3.8,126,80.3,0,3,6,9,3.6,31,19.7,1,0,1,2,4.8
Ziggy Hood,4955,DI,11,MIA,117,117,100.0,0,0,9,9,3.8,112,97.4,0,0,9,9,4.0,3,2.6,0,0,0,0,0.0
Danny Shelton,9445,DI,13,NE,174,173,99.4,0,1,12,13,3.8,77,53.1,0,0,4,4,2.6,68,46.9,0,1,7,8,5.9
Allen Bailey,6238,DI,16,KC,530,529,99.8,6,4,24,34,3.8,352,67.4,3,4,18,25,4.0,170,32.6,3,0,6,9,3.5
Fadol Brown,12246,DI,12,GB,98,95,96.9,0,4,3,7,3.7,49,53.3,0,2,1,3,3.1,43,46.7,0,2,1,3,3.5
Adam Gotsis,10697,DI,16,DEN,261,260,99.6,3,4,9,16,3.7,21,8.1,0,0,1,1,2.4,237,91.9,3,4,8,15,3.8
Branden Jackson,11394,ED,9,SEA,149,147,98.7,1,1,8,10,3.7,83,56.5,0,0,7,7,4.2,64,43.5,1,1,1,3,3.1
Emmanuel Ogbah,10666,ED,14,CLV,475,464,97.7,3,4,24,31,3.7,413,89.2,3,3,22,28,3.8,50,10.8,0,0,2,2,2.0
Adam Butler,12214,DI,16,NE,284,282,99.3,3,2,13,18,3.7,111,52.9,1,0,5,6,3.2,99,47.1,2,1,3,6,4.0
Ricky Jean Francois,5168,DI,16,DET,202,202,100.0,2,0,11,13,3.7,145,79.7,2,0,7,9,3.8,37,20.3,0,0,2,2,2.7
Brooks Reed,6194,ED,16,ATL,254,242,95.3,1,3,13,17,3.7,144,59.5,0,3,7,10,3.5,98,40.5,1,0,6,7,4.1
Tarell Basham,11835,ED,8,NYJ,59,56,94.9,0,2,2,4,3.6,33,60.0,0,2,0,2,3.0,22,40.0,0,0,2,2,4.5
Nick Williams,8006,DI,2,CHI,28,28,100.0,0,0,2,2,3.6,15,57.7,0,0,0,0,0.0,11,42.3,0,0,1,1,4.5
Timmy Jernigan,8683,DI,3,PHI,28,28,100.0,0,1,1,2,3.6,1,3.6,0,0,0,0,0.0,27,96.4,0,1,1,2,3.7
Montravius Adams,11848,DI,14,GB,112,112,100.0,2,0,4,6,3.6,45,42.9,2,0,1,3,5.6,60,57.1,0,0,3,3,2.5
Christian Jones,9020,LB,16,DET,314,69,22.0,1,0,3,4,3.6,20,30.3,1,0,1,2,7.5,46,69.7,0,0,2,2,2.2
Cameron Malveaux,50587,ED,9,ARZ,83,83,100.0,1,0,4,5,3.6,46,55.4,0,0,2,2,2.2,37,44.6,1,0,2,3,5.4
Reggie Nelson,3637,S,11,OAK,211,14,6.6,0,0,1,1,3.6,8,57.1,0,0,0,0,0.0,6,42.9,0,0,1,1,8.3
Raekwon McMillan,11809,LB,16,MIA,365,28,7.7,0,0,2,2,3.6,11,61.1,0,0,1,1,4.5,7,38.9,0,0,1,1,7.1
Robert Nkemdiche,10663,DI,10,ARZ,216,215,99.5,5,4,1,10,3.5,138,66.0,3,2,1,6,3.3,71,34.0,2,2,0,4,4.2
Justin Jones,48940,DI,15,LAC,176,173,98.3,1,0,10,11,3.5,93,57.8,1,0,6,7,4.3,68,42.2,0,0,4,4,2.9
Derek Wolfe,7040,DI,16,DEN,415,415,100.0,2,5,20,27,3.5,358,88.6,2,5,18,25,3.8,46,11.4,0,0,1,1,1.1
Daron Payne,48698,DI,16,WAS,453,451,99.6,5,3,19,27,3.5,288,72.2,3,1,14,18,3.6,111,27.8,1,2,3,6,3.2
Rasheem Green,48731,ED,10,SEA,116,115,99.1,1,0,6,7,3.5,60,52.2,1,0,5,6,5.8,55,47.8,0,0,1,1,0.9
Poona Ford,48875,DI,11,SEA,116,116,100.0,0,2,6,8,3.4,38,41.3,0,1,1,2,2.6,54,58.7,0,1,3,4,3.7
Abry Jones,8177,DI,15,JAX,238,237,99.6,1,1,13,15,3.4,101,43.2,1,1,3,5,3.0,133,56.8,0,0,10,10,3.8
Bryan Cox Jr.,12092,ED,11,CAR,109,104,95.4,0,1,6,7,3.4,49,47.1,0,0,4,4,4.1,55,52.9,0,1,2,3,2.7
Damion Square,8042,DI,16,LAC,270,270,100.0,4,3,7,14,3.3,101,37.4,2,2,1,5,3.5,169,62.6,2,1,6,9,3.3
Lyndon Johnson,38557,DI,3,JAX,15,15,100.0,0,0,1,1,3.3,8,53.3,0,0,0,0,0.0,7,46.7,0,0,1,1,7.1
Ryan Glasgow,11893,DI,3,CIN,45,45,100.0,0,2,1,3,3.3,25,55.6,0,2,1,3,6.0,20,44.4,0,0,0,0,0.0
Chris Smith,8794,ED,16,CLV,175,170,97.1,1,1,8,10,3.2,130,76.5,1,1,7,9,3.8,40,23.5,0,0,1,1,1.3
Jordan Phillips,9485,DI,16,BUF,171,170,99.4,1,1,8,10,3.2,82,49.1,0,0,3,3,1.8,85,50.9,1,1,5,7,4.7
Maurice Hurst,38563,DI,13,OAK,236,235,99.6,4,0,7,11,3.2,134,58.8,2,0,6,8,3.7,94,41.2,2,0,1,3,2.7
Frostee Rucker,3036,ED,15,OAK,222,217,97.7,0,4,10,14,3.2,133,61.3,0,3,6,9,3.4,84,38.7,0,1,4,5,3.0
Margus Hunt,7834,DI,15,IND,426,418,98.1,4,3,16,23,3.2,232,55.9,2,1,7,10,2.6,183,44.1,2,2,9,13,4.1
Beau Allen,8858,DI,14,TB,173,172,99.4,0,3,8,11,3.2,9,5.4,0,0,0,0,0.0,158,94.6,0,2,8,10,3.2
Jonathan Bullard,10706,DI,16,CHI,186,186,100.0,0,0,12,12,3.2,73,39.5,0,0,4,4,2.7,112,60.5,0,0,8,8,3.6
Damon Harrison Sr.,7355,DI,17,DET,295,294,99.7,4,4,7,15,3.2,168,70.6,2,3,3,8,3.0,70,29.4,0,0,2,2,1.4
Kyle Love,5806,DI,16,CAR,273,271,99.3,2,2,11,15,3.1,69,26.5,1,2,2,5,4.3,191,73.5,1,0,9,10,2.9
Ryan Delaire,9939,ED,2,SF,17,16,94.1,0,1,0,1,3.1,2,12.5,0,0,0,0,0.0,14,87.5,0,1,0,1,3.6
Tim Settle,48966,DI,13,WAS,65,65,100.0,0,0,4,4,3.1,21,38.9,0,0,0,0,0.0,33,61.1,0,0,3,3,4.5
Josh Mauro,9003,DI,12,NYG,98,98,100.0,1,0,4,5,3.1,66,68.8,1,0,4,5,4.5,30,31.3,0,0,0,0,0.0
Bronson Kaufusi,10704,ED,3,NYJ,32,32,100.0,0,1,1,2,3.1,18,56.3,0,1,0,1,2.8,14,43.8,0,0,1,1,3.6
Bradley McDougald,8220,S,16,SEA,545,16,2.9,0,0,1,1,3.1,7,46.7,0,0,0,0,0.0,8,53.3,0,0,1,1,6.3
Dalvin Tomlinson,11810,DI,16,NYG,287,286,99.7,0,0,18,18,3.1,133,48.4,0,0,9,9,3.4,142,51.6,0,0,8,8,2.8
Eli Ankou,48856,DI,2,JAX,16,16,100.0,0,0,1,1,3.1,6,37.5,0,0,0,0,0.0,10,62.5,0,0,1,1,5.0
Sylvester Williams,7809,DI,14,MIA,161,160,99.4,0,0,10,10,3.1,16,12.6,0,0,0,0,0.0,111,87.4,0,0,9,9,4.1
Dominique Easley,8664,ED,3,LA,32,32,100.0,0,0,2,2,3.1,10,31.3,0,0,1,1,5.0,22,68.8,0,0,1,1,2.3
Steve McLendon,5232,DI,16,NYJ,219,219,100.0,1,1,10,12,3.0,95,46.3,1,0,2,3,2.1,110,53.7,0,1,7,8,3.6
Clinton McDonald,5173,DI,15,OAK,201,199,99.0,2,0,8,10,3.0,84,43.3,2,0,5,7,5.4,110,56.7,0,0,3,3,1.4
Al-Quadin Muhammad,11951,ED,15,IND,205,199,97.1,0,3,9,12,3.0,70,35.4,0,1,3,4,2.9,128,64.6,0,2,6,8,3.1
Tyson Alualu,5535,DI,15,PIT,167,166,99.4,0,0,10,10,3.0,64,40.5,0,0,3,3,2.3,94,59.5,0,0,7,7,3.7
Al Woods,5646,DI,14,IND,182,169,92.9,0,2,8,10,3.0,78,46.7,0,0,7,7,4.5,89,53.3,0,2,1,3,1.7
Muhammad Wilkerson,6182,DI,3,GB,67,67,100.0,0,0,4,4,3.0,32,48.5,0,0,2,2,3.1,34,51.5,0,0,2,2,2.9
Jaleel Johnson,11864,DI,16,MIN,138,138,100.0,1,1,5,7,2.9,64,47.4,0,1,4,5,3.9,71,52.6,1,0,1,2,2.1
Derrick Nnadi,49970,DI,16,KC,204,204,100.0,0,0,12,12,2.9,68,40.5,0,0,2,2,1.5,100,59.5,0,0,9,9,4.5
Brandon Marshall,7648,LB,11,DEN,286,34,11.9,0,0,2,2,2.9,8,30.8,0,0,1,1,6.3,18,69.2,0,0,1,1,2.8
Hardy Nickerson,50712,LB,14,CIN,294,34,11.6,0,0,2,2,2.9,16,53.3,0,0,1,1,3.1,14,46.7,0,0,1,1,3.6
Hassan Ridgeway,10750,DI,5,IND,34,34,100.0,0,0,2,2,2.9,14,41.2,0,0,1,1,3.6,20,58.8,0,0,1,1,2.5
Michael Brockers,7020,DI,16,LA,346,346,100.0,1,2,16,19,2.9,207,59.8,1,1,12,14,3.6,139,40.2,0,1,4,5,1.8
Tyeler Davison,9587,DI,14,NO,230,222,96.5,2,1,8,11,2.9,102,54.0,1,0,4,5,2.9,87,46.0,1,0,3,4,2.9
Nazair Jones,11857,DI,9,SEA,69,68,98.6,0,2,2,4,2.9,38,55.9,0,0,1,1,1.3,30,44.1,0,2,1,3,5.0
Tyler Lancaster,48604,DI,11,GB,127,125,98.4,0,0,7,7,2.8,51,49.5,0,0,2,2,2.0,52,50.5,0,0,5,5,4.8
Kendall Fuller,10718,CB,15,KC,658,18,2.7,0,0,1,1,2.8,9,50.0,0,0,0,0,0.0,9,50.0,0,0,1,1,5.6
Damontre Moore,7862,ED,2,OAK,38,36,94.7,0,1,1,2,2.8,18,50.0,0,0,1,1,2.8,18,50.0,0,1,0,1,2.8
Michael Johnson,4993,ED,15,CIN,218,216,99.1,1,2,8,11,2.8,89,41.4,0,1,2,3,1.7,126,58.6,1,1,6,8,3.6
Linval Joseph,5571,DI,15,MIN,340,340,100.0,1,2,15,18,2.8,121,36.4,0,0,3,3,1.2,211,63.6,1,2,12,15,3.8
Antwaun Woods,11332,DI,15,DAL,287,282,98.3,2,3,9,14,2.8,139,50.0,1,1,4,6,2.5,139,50.0,1,2,5,8,3.2
Marqui Christian,10801,S,16,LA,276,18,6.5,0,1,0,1,2.8,10,55.6,0,0,0,0,0.0,8,44.4,0,1,0,1,6.3
Zach Kerr,9195,DI,16,DEN,194,194,100.0,2,1,6,9,2.8,146,75.6,2,1,6,9,3.8,47,24.4,0,0,0,0,0.0
P.J. Hall,31211,DI,14,OAK,284,282,99.3,0,4,11,15,2.7,132,52.2,0,1,7,8,3.0,121,47.8,0,2,3,5,2.1
Darron Lee,10654,LB,12,NYJ,458,55,12.0,0,2,1,3,2.7,26,48.1,0,1,0,1,1.9,28,51.9,0,1,1,2,3.6
Marcell Dareus,6155,DI,15,JAX,275,273,99.3,1,1,12,14,2.7,134,51.0,0,1,3,4,1.5,129,49.0,1,0,8,9,3.9
Brandon Williams,7875,DI,16,BLT,258,255,98.8,1,1,11,13,2.7,107,47.1,1,0,3,4,2.3,120,52.9,0,1,5,6,2.5
D.J. Jones,11953,DI,10,SF,93,93,100.0,0,1,4,5,2.7,34,40.0,0,0,3,3,4.4,51,60.0,0,1,1,2,2.0
Davon Godchaux,11934,DI,16,MIA,331,328,99.1,1,3,13,17,2.7,14,4.3,0,0,0,0,0.0,308,95.7,1,3,12,16,2.8
Anthony Levine,6013,S,16,BLT,222,55,24.8,0,2,1,3,2.7,20,37.7,0,0,0,0,0.0,33,62.3,0,2,1,3,4.5
Deadrin Senat,48815,DI,15,ATL,189,189,100.0,0,2,8,10,2.6,61,38.6,0,0,5,5,4.1,97,61.4,0,1,2,3,1.5
Brandon Mebane,3701,DI,12,LAC,202,192,95.0,2,2,4,8,2.6,84,44.2,1,2,2,5,3.6,106,55.8,1,0,2,3,1.9
Jamiyus Pittman,50036,DI,3,MIA,20,19,95.0,0,0,1,1,2.6,3,15.8,0,0,0,0,0.0,16,84.2,0,0,1,1,3.1
Corey Peters,5607,DI,15,ARZ,370,368,99.5,3,1,12,16,2.6,126,37.1,0,0,5,5,2.0,214,62.9,3,1,4,8,2.6
DaQuan Jones,8747,DI,16,TEN,276,272,98.6,0,5,9,14,2.6,151,57.9,0,4,6,10,3.3,110,42.1,0,1,3,4,1.8
Earl Mitchell,5605,DI,12,SF,166,162,97.6,0,3,5,8,2.5,60,40.8,0,1,3,4,3.3,87,59.2,0,2,1,3,1.7
Dontari Poe,7017,DI,16,CAR,278,276,99.3,1,2,10,13,2.5,145,57.3,1,1,7,9,3.4,108,42.7,0,1,3,4,1.9
Angelo Blackson,9533,DI,16,HST,245,239,97.6,1,1,9,11,2.5,86,36.4,0,1,6,7,4.1,150,63.6,1,0,3,4,1.7
Stacy McGee,7987,DI,8,WAS,60,60,100.0,1,0,1,2,2.5,45,75.0,1,0,0,1,2.2,15,25.0,0,0,1,1,3.3
Haloti Ngata,2957,DI,13,PHI,200,199,99.5,1,2,6,9,2.5,32,16.2,0,0,1,1,1.6,165,83.8,1,2,5,8,2.7
Bennie Logan,7848,DI,15,TEN,103,101,98.1,0,0,5,5,2.5,64,64.6,0,0,3,3,2.3,35,35.4,0,0,2,2,2.9
Harrison Phillips,48690,DI,16,BUF,167,167,100.0,0,2,6,8,2.4,66,39.5,0,1,3,4,3.0,101,60.5,0,1,3,4,2.0
T.Y. McGill,10156,DI,6,LAC,42,42,100.0,0,1,1,2,2.4,16,39.0,0,1,0,1,3.1,25,61.0,0,0,1,1,2.0
Josey Jewell,50720,LB,16,DEN,197,21,10.7,0,0,1,1,2.4,9,52.9,0,0,1,1,5.6,8,47.1,0,0,0,0,0.0
Caleb Brantley,11939,DI,5,WAS,22,22,100.0,0,0,1,1,2.3,9,40.9,0,0,0,0,0.0,13,59.1,0,0,1,1,3.8
Michael Bennett,9613,DI,2,ATL,22,22,100.0,0,0,1,1,2.3,14,63.6,0,0,1,1,3.6,8,36.4,0,0,0,0,0.0
Patrick Ricard,48862,FB,5,BLT,23,23,100.0,0,1,0,1,2.2,14,60.9,0,1,0,1,3.6,9,39.1,0,0,0,0,0.0
L.T. Walton,9632,DI,4,PIT,25,25,100.0,0,0,1,1,2.0,8,32.0,0,0,0,0,0.0,17,68.0,0,0,1,1,2.9
Destiny Vaeao,11083,DI,6,NYJ,99,98,99.0,1,1,1,3,2.0,2,2.1,0,0,0,0,0.0,94,97.9,1,1,1,3,2.1
Domata Peko Sr.,3068,DI,16,DEN,239,239,100.0,1,2,5,8,1.9,120,52.4,0,0,3,3,1.3,109,47.6,0,2,2,4,1.8
Darius Kilgo,9636,DI,10,TEN,54,54,100.0,0,0,2,2,1.9,24,45.3,0,0,1,1,2.1,29,54.7,0,0,1,1,1.7
Tashawn Bower,50170,ED,5,MIN,28,26,92.9,0,0,1,1,1.9,26,100.0,0,0,1,1,1.9,0,0.0,0,0,0,0,
Eddie Yarbrough,11033,ED,15,BUF,131,129,98.5,0,2,3,5,1.9,6,4.7,0,0,0,0,0.0,123,95.3,0,2,3,5,2.0
Josh Tupou,12093,DI,6,CIN,53,53,100.0,0,0,2,2,1.9,24,45.3,0,0,0,0,0.0,29,54.7,0,0,2,2,3.4
Terrell McClain,6217,DI,13,ATL,201,195,97.0,1,0,5,6,1.8,85,45.9,0,0,3,3,1.8,100,54.1,1,0,2,3,2.0
Star Lotulelei,7795,DI,16,BUF,227,227,100.0,0,0,8,8,1.8,111,49.1,0,0,2,2,0.9,115,50.9,0,0,6,6,2.6
Marquis Haynes,50244,ED,4,CAR,32,30,93.8,0,0,1,1,1.7,19,63.3,0,0,0,0,0.0,11,36.7,0,0,1,1,4.5
Malcom Brown,9465,DI,15,NE,241,241,100.0,0,1,7,8,1.7,61,29.5,0,1,1,2,1.6,146,70.5,0,0,5,5,1.7
Rakeem Nunez-Roches,9650,DI,3,TB,32,32,100.0,0,0,1,1,1.6,9,31.0,0,0,1,1,5.6,20,69.0,0,0,0,0,0.0
Grover Stewart,11899,DI,15,IND,134,129,96.3,0,0,4,4,1.6,66,51.6,0,0,3,3,2.3,62,48.4,0,0,1,1,0.8
Jarvis Jenkins,6193,DI,12,KC,124,123,99.2,0,1,3,4,1.6,79,64.8,0,0,2,2,1.3,43,35.2,0,1,1,2,2.3
Trevon Coley,11093,DI,16,CLV,294,285,96.9,1,0,7,8,1.6,114,42.9,1,0,3,4,2.2,152,57.1,0,0,3,3,1.0
Josh Sweat,50120,ED,8,PHI,31,31,100.0,0,1,0,1,1.6,1,3.2,0,0,0,0,0.0,30,96.8,0,1,0,1,1.7
Johnathan Hankins,7830,DI,15,OAK,225,225,100.0,0,2,5,7,1.6,95,45.0,0,1,2,3,1.6,116,55.0,0,1,3,4,1.7
Olsen Pierre,10010,DI,9,ARZ,133,133,100.0,0,1,3,4,1.5,63,47.7,0,0,1,1,0.8,69,52.3,0,1,2,3,2.2
Carroll Phillips,48353,ED,5,IND,35,33,94.3,0,0,1,1,1.5,11,33.3,0,0,0,0,0.0,22,66.7,0,0,1,1,2.3
Brian Price,11157,DI,13,CLV,105,101,96.2,0,0,3,3,1.5,40,43.5,0,0,2,2,2.5,52,56.5,0,0,1,1,1.0
Derrick Shelby,7400,ED,7,ATL,70,70,100.0,0,0,2,2,1.4,27,38.6,0,0,2,2,3.7,43,61.4,0,0,0,0,0.0
Austin Johnson,10677,DI,16,TEN,182,178,97.8,1,0,3,4,1.4,64,36.2,0,0,1,1,0.8,113,63.8,1,0,2,3,1.8
Brandon Dunn,9262,DI,14,HST,167,154,92.2,0,0,4,4,1.3,82,56.9,0,0,1,1,0.6,62,43.1,0,0,3,3,2.4
Noah Spence,10673,ED,6,TB,38,38,100.0,0,1,0,1,1.3,20,52.6,0,1,0,1,2.5,18,47.4,0,0,0,0,0.0
Shamar Stephen,8854,DI,15,SEA,250,249,99.6,2,1,1,4,1.2,89,42.8,2,0,0,2,2.2,119,57.2,0,1,1,2,0.8
Taylor Stallworth,48935,DI,14,NO,178,174,97.8,1,1,1,3,1.1,71,45.2,0,0,0,0,0.0,86,54.8,1,1,1,3,2.3
Anthony Zettel,10836,ED,14,CLV,96,93,96.9,0,0,2,2,1.1,20,21.5,0,0,0,0,0.0,73,78.5,0,0,2,2,1.4
D.J. Alexander,9605,ED,1,PHI,1,1,100.0,0,0,0,0,0.0,0,,0,0,0,0,,0,,0,0,0,0,
Geremy Davis,9619,WR,1,LAC,1,1,100.0,0,0,0,0,0.0,0,,0,0,0,0,,0,,0,0,0,0,
Josh Shaw,9553,S,7,TB,55,1,1.8,0,0,0,0,0.0,1,100.0,0,0,0,0,0.0,0,0.0,0,0,0,0,
Hayes Pullard,9652,LB,6,LAC,42,1,2.4,0,0,0,0,0.0,0,0.0,0,0,0,0,,1,100.0,0,0,0,0,0.0
Bryce Hager,9657,LB,6,LA,36,4,11.1,0,0,0,0,0.0,0,0.0,0,0,0,0,,3,100.0,0,0,0,0,0.0
Ibraheim Campbell,9548,S,4,GB,69,1,1.4,0,0,0,0,0.0,0,0.0,0,0,0,0,,1,100.0,0,0,0,0,0.0
Darryl Roberts,9680,S,14,NYJ,450,2,0.4,0,0,0,0,0.0,0,0.0,0,0,0,0,,1,100.0,0,0,0,0,0.0
Gabe Wright,9546,DI,2,OAK,15,15,100.0,0,0,0,0,0.0,9,60.0,0,0,0,0,0.0,6,40.0,0,0,0,0,0.0
Steven Nelson,9531,CB,16,KC,695,1,0.1,0,0,0,0,0.0,0,0.0,0,0,0,0,,1,100.0,0,0,0,0,0.0
Carl Davis,9523,DI,5,CLV,15,15,100.0,0,0,0,0,0.0,9,60.0,0,0,0,0,0.0,6,40.0,0,0,0,0,0.0
Ronald Darby,9483,CB,9,PHI,386,1,0.3,0,0,0,0,0.0,0,0.0,0,0,0,0,,1,100.0,0,0,0,0,0.0
Deshazor Everett,9940,S,11,WAS,50,3,6.0,0,0,0,0,0.0,2,66.7,0,0,0,0,0.0,1,33.3,0,0,0,0,0.0
Dean Marlowe,9966,S,1,BUF,30,2,6.7,0,0,0,0,0.0,2,100.0,0,0,0,0,0.0,0,0.0,0,0,0,0,
Justin March-Lillard,10065,LB,1,DAL,2,1,50.0,0,0,0,0,0.0,0,0.0,0,0,0,0,,1,100.0,0,0,0,0,0.0
Corey Moore,10117,S,6,IND,29,1,3.4,0,0,0,0,0.0,0,,0,0,0,0,,0,,0,0,0,0,
Nick Dzubnar,10127,LB,2,LAC,2,1,50.0,0,0,0,0,0.0,0,,0,0,0,0,,0,,0,0,0,0,
Daniel Brown,10144,TE,1,CHI,1,1,100.0,0,0,0,0,0.0,0,,0,0,0,0,,0,,0,0,0,0,
Daniel Munyer,10174,G,1,ARZ,2,2,100.0,0,0,0,0,0.0,2,100.0,0,0,0,0,0.0,0,0.0,0,0,0,0,
Byron Jones,9460,CB,16,DAL,609,2,0.3,0,0,0,0,0.0,1,50.0,0,0,0,0,0.0,1,50.0,0,0,0,0,0.0
Brian Peters,10248,LB,5,HST,34,2,5.9,0,0,0,0,0.0,1,100.0,0,0,0,0,0.0,0,0.0,0,0,0,0,
Vernon Hargreaves III,10645,CB,1,TB,38,1,2.6,0,0,0,0,0.0,0,0.0,0,0,0,0,,1,100.0,0,0,0,0,0.0
Trae Waynes,9444,CB,14,MIN,406,1,0.2,0,0,0,0,0.0,1,100.0,0,0,0,0,0.0,0,0.0,0,0,0,0,
Artie Burns,10659,CB,8,PIT,190,1,0.5,0,0,0,0,0.0,0,0.0,0,0,0,0,,1,100.0,0,0,0,0,0.0
Xavien Howard,10672,CB,12,MIA,432,1,0.2,0,0,0,0,0.0,1,100.0,0,0,0,0,0.0,0,0.0,0,0,0,0,
Robert Thomas,9022,DI,2,BUF,13,13,100.0,0,0,0,0,0.0,5,41.7,0,0,0,0,0.0,7,58.3,0,0,0,0,0.0
Kasim Edebali,9011,ED,1,CIN,2,2,100.0,0,0,0,0,0.0,1,50.0,0,0,0,0,0.0,1,50.0,0,0,0,0,0.0
Terrance Mitchell,8888,CB,8,CLV,262,2,0.8,0,0,0,0,0.0,2,100.0,0,0,0,0,0.0,0,0.0,0,0,0,0,
Will Redmond,10702,S,1,GB,4,3,75.0,0,0,0,0,0.0,1,33.3,0,0,0,0,0.0,2,66.7,0,0,0,0,0.0
E.J. Gaines,8823,CB,4,CLV,112,2,1.8,0,0,0,0,0.0,1,50.0,0,0,0,0,0.0,1,50.0,0,0,0,0,0.0
Alfred Blue,8816,HB,1,HST,1,1,100.0,0,0,0,0,0.0,0,,0,0,0,0,,0,,0,0,0,0,
Vincent Valentine,10730,DI,3,ARZ,18,18,100.0,0,0,0,0,0.0,6,40.0,0,0,0,0,0.0,9,60.0,0,0,0,0,0.0
Nat Berhe,8787,S,2,PIT,27,1,3.7,0,0,0,0,0.0,1,100.0,0,0,0,0,0.0,0,0.0,0,0,0,0,
Ricardo Allen,8782,S,3,ATL,128,2,1.6,0,0,0,0,0.0,1,50.0,0,0,0,0,0.0,1,50.0,0,0,0,0,0.0
Aaron Colvin,8749,CB,8,HST,212,6,2.8,0,0,0,0,0.0,3,50.0,0,0,0,0,0.0,3,50.0,0,0,0,0,0.0
Justin Ellis,8742,DI,6,OAK,57,57,100.0,0,0,0,0,0.0,20,36.4,0,0,0,0,0.0,35,63.6,0,0,0,0,0.0
Rashard Robinson,10767,CB,4,NYJ,48,3,6.3,0,0,0,0,0.0,2,66.7,0,0,0,0,0.0,1,33.3,0,0,0,0,0.0
Terrence Brooks,8714,S,3,NYJ,46,1,2.2,0,0,0,0,0.0,0,,0,0,0,0,,0,,0,0,0,0,
Blake Countess,10830,S,5,LA,40,1,2.5,0,0,0,0,0.0,1,100.0,0,0,0,0,0.0,0,0.0,0,0,0,0,
Derek Watt,10832,FB,1,LAC,1,1,100.0,0,0,0,0,0.0,0,,0,0,0,0,,0,,0,0,0,0,
Jimmie Ward,8665,S,9,SF,244,5,2.0,0,0,0,0,0.0,5,100.0,0,0,0,0,0.0,0,0.0,0,0,0,0,
Kamu Grugier-Hill,10842,LB,16,PHI,163,12,7.4,0,0,0,0,0.0,4,36.4,0,0,0,0,0.0,7,63.6,0,0,0,0,0.0
Marcus Smith,8661,ED,1,WAS,1,1,100.0,0,0,0,0,0.0,0,0.0,0,0,0,0,,1,100.0,0,0,0,0,0.0
Aaron Wallace,10856,ED,1,DEN,2,2,100.0,0,0,0,0,0.0,2,100.0,0,0,0,0,0.0,0,0.0,0,0,0,0,
Jalen Mills,10867,CB,8,PHI,317,1,0.3,0,0,0,0,0.0,1,100.0,0,0,0,0,0.0,0,0.0,0,0,0,0,
Kyle Fuller,8649,CB,16,CHI,657,1,0.2,0,0,0,0,0.0,1,100.0,0,0,0,0,0.0,0,0.0,0,0,0,0,
LaRoy Reynolds,8500,LB,4,PHI,4,3,75.0,0,0,0,0,0.0,1,100.0,0,0,0,0,0.0,0,0.0,0,0,0,0,
Tyler Matakevich,10880,LB,3,PIT,28,4,14.3,0,0,0,0,0.0,2,50.0,0,0,0,0,0.0,2,50.0,0,0,0,0,0.0
Chris Banjo,8419,S,7,NO,34,2,5.9,0,0,0,0,0.0,2,100.0,0,0,0,0,0.0,0,0.0,0,0,0,0,
Will Compton,8308,LB,5,TEN,39,7,17.9,0,0,0,0,0.0,6,100.0,0,0,0,0,0.0,0,0.0,0,0,0,0,
Chris Milton,10914,CB,3,IND,36,1,2.8,0,0,0,0,0.0,0,,0,0,0,0,,0,,0,0,0,0,
Isaiah Johnson,10935,S,12,TB,214,5,2.3,0,0,0,0,0.0,3,60.0,0,0,0,0,0.0,2,40.0,0,0,0,0,0.0
Cassanova McKinzy,10938,ED,3,WAS,25,22,88.0,0,0,0,0,0.0,7,31.8,0,0,0,0,0.0,15,68.2,0,0,0,0,0.0
Matthias Farley,10953,S,5,IND,104,3,2.9,0,0,0,0,0.0,2,66.7,0,0,0,0,0.0,1,33.3,0,0,0,0,0.0
Justin Zimmer,10975,DI,1,ATL,6,6,100.0,0,0,0,0,0.0,3,50.0,0,0,0,0,0.0,3,50.0,0,0,0,0,0.0
Benny Cunningham,8283,HB,1,CHI,1,1,100.0,0,0,0,0,0.0,0,,0,0,0,0,,0,,0,0,0,0,
Sharrod Neasman,11050,S,11,ATL,262,3,1.1,0,0,0,0,0.0,2,66.7,0,0,0,0,0.0,1,33.3,0,0,0,0,0.0
Russell Shepard,8254,WR,1,NYG,1,1,100.0,0,0,0,0,0.0,0,,0,0,0,0,,0,,0,0,0,0,
Joel Heath,11162,DI,4,HST,23,23,100.0,0,0,0,0,0.0,13,56.5,0,0,0,0,0.0,10,43.5,0,0,0,0,0.0
Josh Martin,8138,ED,1,NYJ,11,7,63.6,0,0,0,0,0.0,1,14.3,0,0,0,0,0.0,6,85.7,0,0,0,0,0.0
Rontez Miles,8102,S,4,NYJ,46,1,2.2,0,0,0,0,0.0,0,0.0,0,0,0,0,,1,100.0,0,0,0,0,0.0
Daren Bates,8077,LB,7,TEN,31,6,19.4,0,0,0,0,0.0,3,60.0,0,0,0,0,0.0,2,40.0,0,0,0,0,0.0
Cre'Von LeBlanc,11218,CB,8,PHI,266,2,0.8,0,0,0,0,0.0,1,50.0,0,0,0,0,0.0,1,50.0,0,0,0,0,0.0
Micah Hyde,7941,S,15,BUF,473,12,2.5,0,0,0,0,0.0,3,25.0,0,0,0,0,0.0,9,75.0,0,0,0,0,0.0
De'Vante Harris,11227,CB,5,TB,60,1,1.7,0,0,0,0,0.0,0,0.0,0,0,0,0,,1,100.0,0,0,0,0,0.0
Mitchell Loewen,11232,ED,1,DET,4,4,100.0,0,0,0,0,0.0,4,100.0,0,0,0,0,0.0,0,0.0,0,0,0,0,
Doug Middleton,11262,S,4,NYJ,141,4,2.8,0,0,0,0,0.0,2,50.0,0,0,0,0,0.0,2,50.0,0,0,0,0,0.0
Tyvis Powell,11291,S,4,SF,56,2,3.6,0,0,0,0,0.0,2,100.0,0,0,0,0,0.0,0,0.0,0,0,0,0,
Tony McRae,11358,CB,5,CIN,59,1,1.7,0,0,0,0,0.0,0,0.0,0,0,0,0,,1,100.0,0,0,0,0,0.0
Marshon Lattimore,11766,CB,16,NO,577,4,0.7,0,0,0,0,0.0,1,25.0,0,0,0,0,0.0,3,75.0,0,0,0,0,0.0
Marlon Humphrey,11771,CB,14,BLT,461,1,0.2,0,0,0,0,0.0,1,100.0,0,0,0,0,0.0,0,0.0,0,0,0,0,
Gareon Conley,11779,CB,14,OAK,350,1,0.3,0,0,0,0,0.0,0,0.0,0,0,0,0,,1,100.0,0,0,0,0,0.0
J.J. Wilcox,7861,S,7,IND,53,13,24.5,0,0,0,0,0.0,4,30.8,0,0,0,0,0.0,9,69.2,0,0,0,0,0.0
Tre'Davious White,11782,CB,16,BUF,524,1,0.2,0,0,0,0,0.0,1,100.0,0,0,0,0,0.0,0,0.0,0,0,0,0,
Robert Alford,7841,CB,15,ATL,554,1,0.2,0,0,0,0,0.0,0,0.0,0,0,0,0,,1,100.0,0,0,0,0,0.0
Jamar Taylor,7835,CB,11,DEN,160,1,0.6,0,0,0,0,0.0,1,100.0,0,0,0,0,0.0,0,0.0,0,0,0,0,
Kevin King,11788,CB,6,GB,174,1,0.6,0,0,0,0,0.0,1,100.0,0,0,0,0,0.0,0,0.0,0,0,0,0,
Marcus Maye,11794,S,6,NYJ,214,1,0.5,0,0,0,0,0.0,1,100.0,0,0,0,0,0.0,0,0.0,0,0,0,0,
Tank Carradine,7821,ED,1,OAK,13,13,100.0,0,0,0,0,0.0,3,23.1,0,0,0,0,0.0,10,76.9,0,0,0,0,0.0
Darius Slay,7817,CB,15,DET,499,1,0.2,0,0,0,0,0.0,1,100.0,0,0,0,0,0.0,0,0.0,0,0,0,0,
Teez Tabor,11808,CB,10,DET,168,4,2.4,0,0,0,0,0.0,1,25.0,0,0,0,0,0.0,3,75.0,0,0,0,0,0.0
Obi Melifonwu,11811,S,2,NE,15,4,26.7,0,0,0,0,0.0,4,100.0,0,0,0,0,0.0,0,0.0,0,0,0,0,
Chidobe Awuzie,11815,CB,15,DAL,530,1,0.2,0,0,0,0,0.0,1,100.0,0,0,0,0,0.0,0,0.0,0,0,0,0,
Emmanuel Lamur,7561,LB,8,NYJ,42,3,7.1,0,0,0,0,0.0,2,66.7,0,0,0,0,0.0,1,33.3,0,0,0,0,0.0
Johnson Bademosi,7374,CB,4,HST,18,1,5.6,0,0,0,0,0.0,0,,0,0,0,0,,0,,0,0,0,0,
Shaquill Griffin,11845,CB,16,SEA,577,1,0.2,0,0,0,0,0.0,1,100.0,0,0,0,0,0.0,0,0.0,0,0,0,0,
Julian Stanford,7372,LB,4,BUF,38,7,18.4,0,0,0,0,0.0,5,83.3,0,0,0,0,0.0,1,16.7,0,0,0,0,0.0
Vontaze Burfict,7280,LB,7,CIN,155,17,11.0,0,0,0,0,0.0,9,64.3,0,0,0,0,0.0,5,35.7,0,0,0,0,0.0
Nate Stupar,7214,LB,6,NYG,31,3,9.7,0,0,0,0,0.0,2,100.0,0,0,0,0,0.0,0,0.0,0,0,0,0,
Vince Biegel,11863,ED,1,NO,1,1,100.0,0,0,0,0,0.0,0,0.0,0,0,0,0,,1,100.0,0,0,0,0,0.0
Tedric Thompson,11866,S,14,SEA,414,1,0.2,0,0,0,0,0.0,1,100.0,0,0,0,0,0.0,0,0.0,0,0,0,0,
Eddie Jackson,11867,S,14,CHI,586,1,0.2,0,0,0,0,0.0,1,100.0,0,0,0,0,0.0,0,0.0,0,0,0,0,
George Iloka,7159,S,5,MIN,80,1,1.3,0,0,0,0,0.0,0,0.0,0,0,0,0,,1,100.0,0,0,0,0,0.0
Korey Toomer,7147,LB,3,GB,10,1,10.0,0,0,0,0,0.0,0,0.0,0,0,0,0,,1,100.0,0,0,0,0,0.0
Jalen Reeves-Maybin,11879,LB,9,DET,63,6,9.5,0,0,0,0,0.0,0,0.0,0,0,0,0,,5,100.0,0,0,0,0,0.0
Zach Sieler,66917,DI,2,BLT,8,8,100.0,0,0,0,0,0.0,5,62.5,0,0,0,0,0.0,3,37.5,0,0,0,0,0.0
Wayne Gallman,11895,HB,1,NYG,1,1,100.0,0,0,0,0,0.0,0,,0,0,0,0,,0,,0,0,0,0,
Coty Sensabaugh,7115,CB,15,PIT,460,1,0.2,0,0,0,0,0.0,0,0.0,0,0,0,0,,1,100.0,0,0,0,0,0.0
Corn Elder,11907,CB,6,CAR,37,1,2.7,0,0,0,0,0.0,0,0.0,0,0,0,0,,1,100.0,0,0,0,0,0.0
Josh Robinson,7068,CB,4,NO,18,2,11.1,0,0,0,0,0.0,0,0.0,0,0,0,0,,1,100.0,0,0,0,0,0.0
Nate Hairston,11913,CB,10,IND,239,3,1.3,0,0,0,0,0.0,2,66.7,0,0,0,0,0.0,1,33.3,0,0,0,0,0.0
Trumaine Johnson,7067,CB,10,NYJ,388,1,0.3,0,0,0,0,0.0,1,100.0,0,0,0,0,0.0,0,0.0,0,0,0,0,
Jamal Agnew,11920,CB,5,DET,72,1,1.4,0,0,0,0,0.0,0,0.0,0,0,0,0,,1,100.0,0,0,0,0,0.0
Janoris Jenkins,7043,CB,16,NYG,606,1,0.2,0,0,0,0,0.0,0,0.0,0,0,0,0,,1,100.0,0,0,0,0,0.0
Nathan Gerry,11940,LB,9,PHI,61,7,11.5,0,0,0,0,0.0,3,60.0,0,0,0,0,0.0,2,40.0,0,0,0,0,0.0
Mike Tyson,11942,S,5,HST,103,2,1.9,0,0,0,0,0.0,2,100.0,0,0,0,0,0.0,0,0.0,0,0,0,0,
Tanzel Smart,11944,DI,2,LA,5,5,100.0,0,0,0,0,0.0,2,50.0,0,0,0,0,0.0,2,50.0,0,0,0,0,0.0
Alex Armah,11948,FB,1,CAR,1,1,100.0,0,0,0,0,0.0,0,,0,0,0,0,,0,,0,0,0,0,
Pita Taumoepenu,11957,LB,2,SF,5,1,20.0,0,0,0,0,0.0,1,100.0,0,0,0,0,0.0,0,0.0,0,0,0,0,
Ifeadi Odenigbo,11975,ED,1,ARZ,2,2,100.0,0,0,0,0,0.0,2,100.0,0,0,0,0,0.0,0,0.0,0,0,0,0,
Dre Kirkpatrick,7023,CB,13,CIN,455,1,0.2,0,0,0,0,0.0,0,0.0,0,0,0,0,,1,100.0,0,0,0,0,0.0
Tre'von Johnson,12016,LB,1,LAC,1,1,100.0,0,0,0,0,0.0,0,,0,0,0,0,,0,,0,0,0,0,
Ryan Lewis,12017,CB,5,BUF,105,1,1.0,0,0,0,0,0.0,1,100.0,0,0,0,0,0.0,0,0.0,0,0,0,0,
Pasoni Tasini,12023,DI,1,ARZ,6,6,100.0,0,0,0,0,0.0,4,66.7,0,0,0,0,0.0,2,33.3,0,0,0,0,0.0
Michael Davis,12040,CB,13,LAC,364,1,0.3,0,0,0,0,0.0,0,0.0,0,0,0,0,,1,100.0,0,0,0,0,0.0
Riley Bullough,12062,LB,3,TB,43,1,2.3,0,0,0,0,0.0,1,100.0,0,0,0,0,0.0,0,0.0,0,0,0,0,
B.J. Bello,12097,LB,2,PHI,2,2,100.0,0,0,0,0,0.0,0,,0,0,0,0,,0,,0,0,0,0,
Austin Ekeler,12164,HB,1,LAC,1,1,100.0,0,0,0,0,0.0,0,,0,0,0,0,,0,,0,0,0,0,
Robert Tonyan,12193,TE,1,GB,1,1,100.0,0,0,0,0,0.0,0,,0,0,0,0,,0,,0,0,0,0,
Chase Allen,12211,LB,2,MIA,5,1,20.0,0,0,0,0,0.0,0,,0,0,0,0,,0,,0,0,0,0,
Devaroe Lawrence,12222,DI,1,CLV,1,1,100.0,0,0,0,0,0.0,1,100.0,0,0,0,0,0.0,0,0.0,0,0,0,0,
Joe Jones,12321,LB,2,DEN,14,3,21.4,0,0,0,0,0.0,0,0.0,0,0,0,0,,2,100.0,0,0,0,0,0.0
Buddy Howell,12888,FB,1,HST,1,1,100.0,0,0,0,0,0.0,0,,0,0,0,0,,0,,0,0,0,0,
Trevon Young,18413,ED,1,LA,7,6,85.7,0,0,0,0,0.0,4,66.7,0,0,0,0,0.0,2,33.3,0,0,0,0,0.0
Colin Jones,6342,S,7,CAR,60,1,1.7,0,0,0,0,0.0,0,0.0,0,0,0,0,,1,100.0,0,0,0,0,0.0
Shareece Wright,6241,CB,12,HST,359,1,0.3,0,0,0,0,0.0,0,,0,0,0,0,,0,,0,0,0,0,
Dylan Cole,24304,LB,8,HST,80,7,8.8,0,0,0,0,0.0,3,60.0,0,0,0,0,0.0,2,40.0,0,0,0,0,0.0
Dane Cruikshank,25546,S,6,TEN,25,1,4.0,0,0,0,0,0.0,1,100.0,0,0,0,0,0.0,0,0.0,0,0,0,0,
Marcus Gilchrist,6202,S,16,OAK,460,8,1.7,0,0,0,0,0.0,6,75.0,0,0,0,0,0.0,2,25.0,0,0,0,0,0.0
Nick Nelson,28495,CB,10,OAK,173,7,4.0,0,0,0,0,0.0,4,57.1,0,0,0,0,0.0,3,42.9,0,0,0,0,0.0
Bruce Carter,6192,LB,7,ATL,43,3,7.0,0,0,0,0,0.0,1,33.3,0,0,0,0,0.0,2,66.7,0,0,0,0,0.0
Chris Board,29456,LB,1,BLT,7,4,57.1,0,0,0,0,0.0,1,25.0,0,0,0,0,0.0,3,75.0,0,0,0,0,0.0
Justin Jackson,29539,HB,1,LAC,1,1,100.0,0,0,0,0,0.0,0,,0,0,0,0,,0,,0,0,0,0,
Patrick Peterson,6157,CB,16,ARZ,573,2,0.3,0,0,0,0,0.0,1,50.0,0,0,0,0,0.0,1,50.0,0,0,0,0,0.0
Chris Herndon,47164,TE,1,NYJ,1,1,100.0,0,0,0,0,0.0,0,,0,0,0,0,,0,,0,0,0,0,
Andrew Sendejo,6118,S,5,MIN,192,3,1.6,0,0,0,0,0.0,3,100.0,0,0,0,0,0.0,0,0.0,0,0,0,0,
Albert McClellan,6022,LB,6,NE,17,6,35.3,0,0,0,0,0.0,3,60.0,0,0,0,0,0.0,2,40.0,0,0,0,0,0.0
Demone Harris,48452,ED,1,TB,4,4,100.0,0,0,0,0,0.0,2,50.0,0,0,0,0,0.0,2,50.0,0,0,0,0,0.0
Kylie Fitts,48553,ED,4,CHI,41,39,95.1,0,0,0,0,0.0,36,92.3,0,0,0,0,0.0,3,7.7,0,0,0,0,0.0
Chad Thomas,48565,DI,4,CLV,9,9,100.0,0,0,0,0,0.0,5,55.6,0,0,0,0,0.0,4,44.4,0,0,0,0,0.0
Niles Scott,66935,DI,6,CIN,21,20,95.2,0,0,0,0,0.0,6,30.0,0,0,0,0,0.0,14,70.0,0,0,0,0,0.0
James Looney,48991,DI,3,GB,6,6,100.0,0,0,0,0,0.0,2,40.0,0,0,0,0,0.0,3,60.0,0,0,0,0,0.0
Ben Garland,5839,G,1,ATL,1,1,100.0,0,0,0,0,0.0,1,100.0,0,0,0,0,0.0,0,0.0,0,0,0,0,
Tre Flowers,49059,CB,15,SEA,554,1,0.2,0,0,0,0,0.0,1,100.0,0,0,0,0,0.0,0,0.0,0,0,0,0,
Ezekiel Turner,49167,LB,2,ARZ,4,1,25.0,0,0,0,0,0.0,0,,0,0,0,0,,0,,0,0,0,0,
Tarvarius Moore,49178,CB,10,SF,109,3,2.8,0,0,0,0,0.0,1,33.3,0,0,0,0,0.0,2,66.7,0,0,0,0,0.0
Ahmad Thomas,49204,LB,1,IND,5,1,20.0,0,0,0,0,0.0,0,0.0,0,0,0,0,,1,100.0,0,0,0,0,0.0
Kurt Coleman,5767,S,16,NO,195,16,8.2,0,0,0,0,0.0,10,62.5,0,0,0,0,0.0,6,37.5,0,0,0,0,0.0
Marcus Allen,49263,S,2,PIT,13,1,7.7,0,0,0,0,0.0,0,0.0,0,0,0,0,,1,100.0,0,0,0,0,0.0
Carlton Davis,49335,CB,13,TB,394,1,0.3,0,0,0,0,0.0,0,0.0,0,0,0,0,,1,100.0,0,0,0,0,0.0
Joe Webb III,5722,WR,1,HST,1,1,100.0,0,0,0,0,0.0,0,,0,0,0,0,,0,,0,0,0,0,
Isaac Yiadom,49355,CB,10,DEN,173,1,0.6,0,0,0,0,0.0,0,,0,0,0,0,,0,,0,0,0,0,
Torry McTyer,49357,CB,13,MIA,209,1,0.5,0,0,0,0,0.0,0,0.0,0,0,0,0,,1,100.0,0,0,0,0,0.0
Darius Phillips,49507,CB,10,CIN,144,1,0.7,0,0,0,0,0.0,0,0.0,0,0,0,0,,1,100.0,0,0,0,0,0.0
Denzel Ward,49558,CB,13,CLV,510,1,0.2,0,0,0,0,0.0,1,100.0,0,0,0,0,0.0,0,0.0,0,0,0,0,
Matt Dickerson,49601,DI,3,TEN,14,14,100.0,0,0,0,0,0.0,7,50.0,0,0,0,0,0.0,7,50.0,0,0,0,0,0.0
Patrick Robinson,5557,CB,3,NO,69,1,1.4,0,0,0,0,0.0,0,0.0,0,0,0,0,,1,100.0,0,0,0,0,0.0
Zaire Franklin,49834,LB,11,IND,91,8,8.8,0,0,0,0,0.0,3,42.9,0,0,0,0,0.0,4,57.1,0,0,0,0,0.0
James Crawford,49836,LB,3,GB,3,2,66.7,0,0,0,0,0.0,0,,0,0,0,0,,0,,0,0,0,0,
Peter Kalambayi,50089,LB,4,HST,16,4,25.0,0,0,0,0,0.0,2,66.7,0,0,0,0,0.0,1,33.3,0,0,0,0,0.0
Olasunkanmi Adeniyi,50154,ED,1,PIT,4,4,100.0,0,0,0,0,0.0,0,0.0,0,0,0,0,,4,100.0,0,0,0,0,0.0
Ramon Humber,5310,LB,4,NE,36,5,13.9,0,0,0,0,0.0,2,40.0,0,0,0,0,0.0,3,60.0,0,0,0,0,0.0
Tre Herndon,50380,CB,4,JAX,50,1,2.0,0,0,0,0,0.0,1,100.0,0,0,0,0,0.0,0,0.0,0,0,0,0,
Isaiah Oliver,50393,CB,11,ATL,173,1,0.6,0,0,0,0,0.0,0,0.0,0,0,0,0,,1,100.0,0,0,0,0,0.0
Jason McCourty,5127,CB,16,NE,546,4,0.7,0,0,0,0,0.0,1,25.0,0,0,0,0,0.0,3,75.0,0,0,0,0,0.0
Kamrin Moore,50460,S,2,NYG,6,1,16.7,0,0,0,0,0.0,1,100.0,0,0,0,0,0.0,0,0.0,0,0,0,0,
Mike Mitchell,4970,S,8,IND,142,4,2.8,0,0,0,0,0.0,1,25.0,0,0,0,0,0.0,3,75.0,0,0,0,0,0.0
Avonte Maddox,50543,CB,10,PHI,392,2,0.5,0,0,0,0,0.0,1,50.0,0,0,0,0,0.0,1,50.0,0,0,0,0,0.0
Justin Lawler,50592,LB,6,LA,21,3,14.3,0,0,0,0,0.0,2,66.7,0,0,0,0,0.0,1,33.3,0,0,0,0,0.0
Shaquem Griffin,50657,LB,3,SEA,34,3,8.8,0,0,0,0,0.0,1,33.3,0,0,0,0,0.0,2,66.7,0,0,0,0,0.0
Jack Cichy,50787,LB,1,TB,3,1,33.3,0,0,0,0,0.0,1,100.0,0,0,0,0,0.0,0,0.0,0,0,0,0,
Malik Jefferson,50884,LB,2,CIN,3,2,66.7,0,0,0,0,0.0,2,100.0,0,0,0,0,0.0,0,0.0,0,0,0,0,
Matthew Thomas,50942,LB,1,PIT,4,3,75.0,0,0,0,0,0.0,2,66.7,0,0,0,0,0.0,1,33.3,0,0,0,0,0.0
Brent Grimes,3589,CB,13,TB,430,1,0.2,0,0,0,0,0.0,1,100.0,0,0,0,0,0.0,0,0.0,0,0,0,0,
Rashaan Gaulden,51241,S,11,CAR,82,2,2.4,0,0,0,0,0.0,1,50.0,0,0,0,0,0.0,1,50.0,0,0,0,0,0.0
Johnathan Joseph,2969,CB,14,HST,500,1,0.2,0,0,0,0,0.0,1,100.0,0,0,0,0,0.0,0,0.0,0,0,0,0,
