year,player,player_id,position,player_game_count,team_name,snaps,run_snaps,run_tackles,run_assists,run_misses,run_stops,run_tackle_efficiency,pass_snaps,pass_tackles,pass_assists,pass_misses,pass_stops,pass_tackle_efficiency,combined_tackle_efficiency
2018,Korey Toomer,7147,LB,3,GB,12,2,1,0,0,1,1.00E+03,10,1,0,0,0,1.00E+03,1.00E+03
2018,Justin Ellis,8742,DI,6,OAK,124,67,4,5,0,4,1.00E+03,57,0,0,0,0,,1.00E+03
2018,Marquis Flowers,8846,LB,1,WAS,12,9,1,0,0,1,1.00E+03,3,0,0,0,0,,1.00E+03
2018,Zach Sieler,66917,DI,2,BLT,15,7,0,0,0,0,,8,1,0,0,1,1.00E+03,1.00E+03
2018,Timmy Jernigan,8683,DI,3,PHI,41,13,1,1,0,1,1.00E+03,28,0,0,0,0,,1.00E+03
2018,Tracy Walker,51266,S,16,DET,247,55,6,0,0,2,1.00E+03,192,8,2,0,2,1.00E+03,1.00E+03
2018,Shelby Harris,8869,DI,16,DEN,374,164,22,8,0,16,1.00E+03,210,2,0,0,3,1.00E+03,1.00E+03
2018,Joel Iyiegbuniwe,51221,LB,4,CHI,23,2,0,0,0,0,,21,2,0,0,1,1.00E+03,1.00E+03
2018,Ben Niemann,51099,LB,6,KC,62,38,5,2,0,3,1.00E+03,24,3,0,0,1,1.00E+03,1.00E+03
2018,Matthew Thomas,50942,LB,1,PIT,4,0,0,0,0,0,,4,1,0,0,1,1.00E+03,1.00E+03
2018,Malik Jefferson,50884,LB,3,CIN,11,8,2,0,0,1,1.00E+03,3,0,0,0,0,,1.00E+03
2018,Keishawn Bierria,50812,LB,6,DEN,17,12,2,0,0,1,1.00E+03,5,0,0,0,0,,1.00E+03
2018,Jack Cichy,50787,LB,2,TB,6,3,0,0,0,0,,3,1,0,0,0,1.00E+03,1.00E+03
2018,Tom Johnson,3378,DI,14,MIN,365,123,13,3,0,6,1.00E+03,242,4,0,0,6,1.00E+03,1.00E+03
2018,Stephon Tuitt,8681,DI,14,PIT,652,205,22,11,0,17,1.00E+03,447,2,0,0,6,1.00E+03,1.00E+03
2018,Justin Lawler,50592,LB,6,LA,31,10,0,0,0,0,,21,4,0,0,1,1.00E+03,1.00E+03
2018,Cameron Malveaux,50587,ED,9,ARZ,166,83,4,5,0,4,1.00E+03,83,0,0,0,1,,1.00E+03
2018,Ethan Westbrooks,8976,DI,16,LA,169,72,4,3,0,3,1.00E+03,97,2,0,0,2,1.00E+03,1.00E+03
2018,Josh Mauro,9003,DI,12,NYG,249,151,18,2,0,14,1.00E+03,98,0,0,0,1,,1.00E+03
2018,Dominique Easley,8664,ED,3,LA,57,25,4,0,0,2,1.00E+03,32,0,0,0,0,,1.00E+03
2018,Tre Herndon,50380,CB,4,JAX,84,34,1,0,0,0,1.00E+03,50,5,0,0,1,1.00E+03,1.00E+03
2018,Anthony Averett,50365,CB,6,BLT,68,25,0,2,0,0,1.00E+03,43,3,0,0,0,1.00E+03,1.00E+03
2018,Cornell Armstrong,50351,CB,6,MIA,81,34,1,0,0,0,1.00E+03,47,5,0,0,2,1.00E+03,1.00E+03
2018,Aqib Talib,4334,CB,8,LA,368,148,2,0,0,1,1.00E+03,220,18,3,0,2,1.00E+03,1.00E+03
2018,Kenny Ladler,9103,S,2,NYG,20,2,0,0,0,0,,18,1,0,0,1,1.00E+03,1.00E+03
2018,William Hayes,4417,ED,3,MIA,62,17,2,0,0,2,1.00E+03,45,0,0,0,2,,1.00E+03
2018,Marquis Haynes,50244,ED,4,CAR,43,11,0,1,0,0,1.00E+03,32,1,0,0,1,1.00E+03,1.00E+03
2018,Marcus Williams,9115,CB,3,CHI,30,10,0,0,0,0,,20,4,0,0,2,1.00E+03,1.00E+03
2018,Garrison Smith,9310,DI,2,ARZ,28,14,2,0,0,1,1.00E+03,14,0,0,0,0,,1.00E+03
2018,Niles Scott,66935,DI,6,CIN,45,24,4,0,0,3,1.00E+03,21,0,0,0,0,,1.00E+03
2018,Tashawn Bower,50170,ED,5,MIN,51,23,3,1,0,2,1.00E+03,28,0,0,0,0,,1.00E+03
2018,Olasunkanmi Adeniyi,50154,ED,1,PIT,8,4,0,1,0,0,1.00E+03,4,0,0,0,0,,1.00E+03
2018,Vontae Davis,4948,CB,1,BUF,29,12,0,0,0,0,,17,1,0,0,1,1.00E+03,1.00E+03
2018,Deon Lacey,8512,LB,2,BUF,14,5,0,0,0,0,,9,1,0,0,0,1.00E+03,1.00E+03
2018,Josh Sweat,50120,ED,8,PHI,64,33,1,1,0,0,1.00E+03,31,0,0,0,0,,1.00E+03
2018,Stephone Anthony,9464,LB,11,MIA,27,23,1,0,0,1,1.00E+03,4,0,0,0,0,,1.00E+03
2018,John Franklin-Myers,50088,ED,16,LA,283,64,3,1,0,3,1.00E+03,219,0,1,0,2,1.00E+03,1.00E+03
2018,Jamiyus Pittman,50036,DI,3,MIA,41,21,0,1,0,0,1.00E+03,20,0,0,0,0,,1.00E+03
2018,Mario Edwards Jr.,9468,DI,15,NYG,213,63,5,1,0,4,1.00E+03,150,4,1,0,5,1.00E+03,1.00E+03
2018,John Atkins,49918,DI,2,DET,40,20,1,1,0,1,1.00E+03,20,0,0,0,0,,1.00E+03
2018,Chris Banjo,8419,S,7,NO,48,14,1,1,0,0,1.00E+03,34,2,0,0,0,1.00E+03,1.00E+03
2018,James Crawford,49836,LB,6,GB,6,3,0,0,0,0,,3,0,1,0,0,1.00E+03,1.00E+03
2018,Eric Rowe,9480,CB,4,NE,131,34,3,0,0,1,1.00E+03,97,5,0,0,0,1.00E+03,1.00E+03
2018,Nate Orchard,9484,ED,4,KC,35,11,2,1,0,1,1.00E+03,24,0,0,0,0,,1.00E+03
2018,Markus Golden,9491,ED,11,ARZ,378,161,20,5,0,16,1.00E+03,217,4,1,0,4,1.00E+03,1.00E+03
2018,Benny Cunningham,8283,HB,1,CHI,1,0,0,0,0,0,,1,1,0,0,0,1.00E+03,1.00E+03
2018,Chris Covington,49825,LB,1,DAL,1,1,1,0,0,1,1.00E+03,0,0,0,0,0,,1.00E+03
2018,Eli Harold,9512,ED,11,DET,172,51,3,0,0,3,1.00E+03,121,2,0,0,6,1.00E+03,1.00E+03
2018,Lerentee McCray,8159,ED,12,JAX,96,24,1,0,0,1,1.00E+03,72,0,0,0,1,,1.00E+03
2018,Josh Martin,8138,ED,1,NYJ,18,7,0,1,0,0,1.00E+03,11,0,0,0,0,,1.00E+03
2018,Rontez Miles,8102,S,5,NYJ,83,37,4,0,0,0,1.00E+03,46,4,0,0,0,1.00E+03,1.00E+03
2018,Matt Dickerson,49601,DI,3,TEN,26,12,3,0,0,2,1.00E+03,14,0,0,0,0,,1.00E+03
2018,Ibraheim Campbell,9548,S,5,GB,110,40,8,1,0,4,1.00E+03,70,8,1,0,1,1.00E+03,1.00E+03
2018,Earl Thomas III,5539,S,4,SEA,227,90,10,1,0,1,1.00E+03,137,11,1,0,5,1.00E+03,1.00E+03
2018,Marcus Cooper,8035,CB,4,DET,37,9,0,0,0,0,,28,1,0,0,1,1.00E+03,1.00E+03
2018,Marcus Allen,49263,S,2,PIT,18,5,0,0,0,0,,13,1,1,0,1,1.00E+03,1.00E+03
2018,Ahmad Thomas,49204,LB,1,IND,15,10,2,0,0,2,1.00E+03,5,0,0,0,0,,1.00E+03
2018,David Parry,9584,DI,3,MIN,47,16,1,0,0,1,1.00E+03,31,1,0,0,2,1.00E+03,1.00E+03
2018,Ezekiel Turner,49167,LB,4,ARZ,17,13,1,0,0,0,1.00E+03,4,0,0,0,0,,1.00E+03
2018,Dymonte Thomas,49127,S,5,DEN,41,11,1,1,0,0,1.00E+03,30,2,1,0,1,1.00E+03,1.00E+03
2018,Michael Bennett,9613,DI,2,ATL,39,17,3,0,0,2,1.00E+03,22,0,0,0,0,,1.00E+03
2018,L.T. Walton,9632,DI,4,PIT,48,23,1,1,0,1,1.00E+03,25,0,0,0,0,,1.00E+03
2018,Stacy McGee,7987,DI,8,WAS,132,72,6,1,0,5,1.00E+03,60,1,0,0,2,1.00E+03,1.00E+03
2018,Rakeem Nunez-Roches,9650,DI,3,TB,46,14,1,0,0,1,1.00E+03,32,1,0,0,0,1.00E+03,1.00E+03
2018,Hayes Pullard,9652,LB,6,LAC,85,43,3,3,0,2,1.00E+03,42,8,1,0,2,1.00E+03,1.00E+03
2018,Taylor Stallworth,48935,DI,14,NO,298,120,7,3,0,5,1.00E+03,178,0,0,0,1,,1.00E+03
2018,Poona Ford,48875,DI,11,SEA,219,103,17,2,0,13,1.00E+03,116,0,0,0,0,,1.00E+03
2018,RJ McIntosh,48873,DI,6,NYG,60,30,4,1,0,3,1.00E+03,30,0,0,0,0,,1.00E+03
2018,Patrick Ricard,48862,FB,6,BLT,46,23,3,1,0,1,1.00E+03,23,0,0,0,0,,1.00E+03
2018,Eli Ankou,48856,DI,2,JAX,46,30,3,2,0,2,1.00E+03,16,0,0,0,0,,1.00E+03
2018,Julius Peppers,1010,ED,16,CAR,483,146,9,4,0,7,1.00E+03,337,2,0,0,7,1.00E+03,1.00E+03
2018,Steven Means,7929,ED,8,ATL,155,69,11,3,0,10,1.00E+03,86,0,0,0,1,,1.00E+03
2018,Dekoda Watson,5740,ED,4,SF,56,8,2,0,0,2,1.00E+03,48,0,0,0,1,,1.00E+03
2018,Harrison Phillips,48690,DI,16,BUF,375,208,16,7,0,13,1.00E+03,167,1,0,0,0,1.00E+03,1.00E+03
2018,John Simon,7911,ED,11,NE,182,49,6,1,0,4,1.00E+03,133,3,2,0,5,1.00E+03,1.00E+03
2018,Tyquan Lewis,48475,ED,8,IND,321,122,4,3,0,4,1.00E+03,199,4,0,0,4,1.00E+03,1.00E+03
2018,Jalyn Holmes,48400,ED,5,MIN,56,15,2,0,0,0,1.00E+03,41,0,1,0,1,1.00E+03,1.00E+03
2018,Da'Shawn Hand,48386,DI,13,DET,429,186,17,8,0,15,1.00E+03,243,0,1,0,3,1.00E+03,1.00E+03
2018,Deante Burton,47970,CB,2,HST,60,20,1,1,0,0,1.00E+03,40,4,0,0,0,1.00E+03,1.00E+03
2018,Dontrell Hilliard,45691,HB,1,CLV,1,1,1,0,0,0,1.00E+03,0,0,0,0,0,,1.00E+03
2018,Akeem King,9682,CB,9,SEA,139,43,3,1,0,1,1.00E+03,96,9,1,0,2,1.00E+03,1.00E+03
2018,Charvarius Ward,43034,CB,4,KC,134,60,4,0,0,0,1.00E+03,74,14,0,0,2,1.00E+03,1.00E+03
2018,J.C. Jackson,42781,CB,13,NE,379,109,5,0,0,1,1.00E+03,270,16,2,0,4,1.00E+03,1.00E+03
2018,Maurice Hurst,38563,DI,13,OAK,447,211,22,4,0,15,1.00E+03,236,3,0,0,6,1.00E+03,1.00E+03
2018,Lyndon Johnson,38557,DI,3,JAX,29,14,2,0,0,2,1.00E+03,15,0,0,0,0,,1.00E+03
2018,Bilal Nichols,28451,DI,14,CHI,313,127,17,7,0,11,1.00E+03,186,1,1,0,4,1.00E+03,1.00E+03
2018,Denzel Rice,9784,CB,1,BUF,31,10,0,0,0,0,,21,0,1,0,0,1.00E+03,1.00E+03
2018,Siran Neal,27130,S,5,BUF,15,10,2,0,0,1,1.00E+03,5,0,0,0,1,,1.00E+03
2018,KhaDarel Hodge,26104,WR,1,LA,1,1,1,0,0,0,1.00E+03,0,0,0,0,0,,1.00E+03
2018,Raven Greene,24750,S,3,GB,43,10,0,0,0,0,,33,1,0,0,1,1.00E+03,1.00E+03
2018,Shamarko Thomas,7893,S,2,DEN,18,2,0,0,0,0,,16,0,1,0,0,1.00E+03,1.00E+03
2018,Corey Liuget,6170,DI,6,LAC,192,61,9,0,0,8,1.00E+03,131,1,0,0,1,1.00E+03,1.00E+03
2018,Zach Vigil,9824,LB,4,WAS,18,1,0,0,0,0,,17,3,0,0,1,1.00E+03,1.00E+03
2018,Skai Moore,21605,LB,6,IND,66,34,4,0,0,2,1.00E+03,32,0,0,0,0,,1.00E+03
2018,Josh Keyes,9943,LB,1,HST,23,7,1,0,0,0,1.00E+03,16,2,0,0,1,1.00E+03,1.00E+03
2018,Adonis Alexander,13612,CB,2,WAS,11,3,1,0,0,0,1.00E+03,8,1,0,0,0,1.00E+03,1.00E+03
2018,Muhammad Wilkerson,6182,DI,3,GB,105,38,2,1,0,1,1.00E+03,67,1,0,0,1,1.00E+03,1.00E+03
2018,Kayvon Webster,7871,CB,2,HST,10,4,1,0,0,1,1.00E+03,6,0,0,0,0,,1.00E+03
2018,Joe Jones,12321,LB,3,DEN,24,10,2,0,0,1,1.00E+03,14,2,0,0,1,1.00E+03,1.00E+03
2018,Austin Ekeler,12164,HB,2,LAC,2,1,1,0,0,0,1.00E+03,1,0,0,0,0,,1.00E+03
2018,Lenzy Pipkins,12117,CB,1,DET,52,10,1,0,0,0,1.00E+03,42,6,0,0,1,1.00E+03,1.00E+03
2018,Riley Bullough,12062,LB,5,TB,124,81,7,1,0,2,1.00E+03,43,2,1,0,0,1.00E+03,1.00E+03
2018,Pasoni Tasini,12023,DI,1,ARZ,15,9,0,1,0,0,1.00E+03,6,0,0,0,0,,1.00E+03
2018,Dean Marlowe,9966,S,1,BUF,53,23,1,2,0,0,1.00E+03,30,1,0,0,0,1.00E+03,1.00E+03
2018,Kelvin Sheppard,6220,LB,1,DET,11,8,1,0,0,0,1.00E+03,3,0,0,0,0,,1.00E+03
2018,Shalom Luani,11976,S,2,SEA,10,2,1,0,0,1,1.00E+03,8,1,0,0,1,1.00E+03,1.00E+03
2018,Ifeadi Odenigbo,11975,ED,1,ARZ,7,5,0,1,0,0,1.00E+03,2,0,0,0,0,,1.00E+03
2018,Justin March-Lillard,10065,LB,2,DAL,7,5,1,0,0,0,1.00E+03,2,0,0,0,0,,1.00E+03
2018,Jeremiah Ledbetter,11960,DI,1,TB,17,8,1,0,0,1,1.00E+03,9,0,0,0,0,,1.00E+03
2018,Pita Taumoepenu,11957,LB,2,SF,21,16,0,0,0,0,,5,1,0,0,0,1.00E+03,1.00E+03
2018,Al-Quadin Muhammad,11951,ED,15,IND,394,186,16,8,0,14,1.00E+03,208,2,1,0,0,1.00E+03,1.00E+03
2018,Damontre Moore,7862,ED,2,OAK,44,6,0,0,0,0,,38,1,0,0,0,1.00E+03,1.00E+03
2018,Da'Norris Searcy,6252,S,2,CAR,63,25,1,1,0,0,1.00E+03,38,2,0,0,0,1.00E+03,1.00E+03
2018,Caleb Brantley,11939,DI,5,WAS,36,14,1,0,0,1,1.00E+03,22,0,0,0,0,,1.00E+03
2018,Ukeme Eligwe,11938,LB,3,NYG,38,9,0,0,0,0,,29,2,0,0,0,1.00E+03,1.00E+03
2018,J.J. Wilcox,7861,S,7,IND,57,4,0,0,0,0,,53,4,1,0,3,1.00E+03,1.00E+03
2018,T.Y. McGill,10156,DI,6,LAC,90,48,2,2,0,2,1.00E+03,42,0,0,0,0,,1.00E+03
2018,Carlos Watkins,11897,DI,4,HST,40,13,0,1,0,0,1.00E+03,27,1,0,0,1,1.00E+03,1.00E+03
2018,Tyvis Powell,11291,S,5,SF,101,45,1,0,0,0,1.00E+03,56,3,0,0,1,1.00E+03,1.00E+03
2018,Doug Middleton,11262,S,4,NYJ,222,81,4,3,0,0,1.00E+03,141,14,0,0,1,1.00E+03,1.00E+03
2018,Ufomba Kamalu,11164,ED,2,NE,21,5,1,0,0,1,1.00E+03,16,0,0,0,0,,1.00E+03
2018,George Iloka,7159,S,7,MIN,111,31,3,0,0,1,1.00E+03,80,6,2,0,2,1.00E+03,1.00E+03
2018,Blidi Wreh-Wilson,7851,CB,3,ATL,27,2,1,0,0,0,1.00E+03,25,1,0,0,0,1.00E+03,1.00E+03
2018,Carl Lawson,11871,ED,7,CIN,213,36,3,2,0,1,1.00E+03,177,0,0,0,1,,1.00E+03
2018,Vernon Hargreaves III,10645,CB,1,TB,50,12,2,0,0,1,1.00E+03,38,5,1,0,0,1.00E+03,1.00E+03
2018,Jaleel Johnson,11864,DI,16,MIN,251,113,6,5,0,3,1.00E+03,138,0,0,0,0,,1.00E+03
2018,Trey Hendrickson,11858,ED,5,NO,132,55,7,1,0,4,1.00E+03,77,0,0,0,0,,1.00E+03
2018,Craig Robertson,7003,LB,8,NO,85,36,3,2,0,3,1.00E+03,49,4,0,0,4,1.00E+03,1.00E+03
2018,Keanu Neal,10651,S,1,ATL,32,11,1,0,0,1,1.00E+03,21,0,0,0,0,,1.00E+03
2018,Noah Spence,10673,ED,7,TB,44,6,2,1,0,0,1.00E+03,38,0,0,0,0,,1.00E+03
2018,Tank Carradine,7821,ED,1,OAK,24,11,1,0,0,1,1.00E+03,13,0,0,0,0,,1.00E+03
2018,Vincent Valentine,10730,DI,3,ARZ,42,24,1,0,0,1,1.00E+03,18,0,0,0,0,,1.00E+03
2018,Derek Rivers,11838,ED,6,NE,75,15,1,0,0,1,1.00E+03,60,1,0,0,1,1.00E+03,1.00E+03
2018,Nick Kwiatkoski,10747,LB,11,CHI,107,31,4,2,0,3,1.00E+03,76,4,0,0,0,1.00E+03,1.00E+03
2018,Tarell Basham,11835,ED,8,NYJ,93,34,4,1,0,4,1.00E+03,59,0,0,0,0,,1.00E+03
2018,Tim Williams,11833,ED,7,BLT,110,30,4,1,0,4,1.00E+03,80,1,0,0,2,1.00E+03,1.00E+03
2018,Daeshon Hall,11832,ED,3,PHI,17,3,1,0,0,1,1.00E+03,14,0,0,0,1,,1.00E+03
2018,Tanoh Kpassagnon,11814,ED,9,KC,112,21,1,0,0,1,1.00E+03,91,2,0,0,0,1.00E+03,1.00E+03
2018,Deiondre' Hall,10761,S,4,PHI,7,0,0,0,0,0,,7,1,0,0,0,1.00E+03,1.00E+03
2018,Obi Melifonwu,11811,S,2,NE,20,5,0,0,0,0,,15,1,0,0,0,1.00E+03,1.00E+03
2018,Willie Henry,10766,DI,3,BLT,78,22,1,1,0,1,1.00E+03,56,0,0,0,1,,1.00E+03
2018,Neiko Thorpe,7716,CB,3,SEA,29,4,0,0,0,0,,25,2,0,0,1,1.00E+03,1.00E+03
2018,Dalvin Tomlinson,11810,DI,16,NYG,597,310,33,14,0,26,1.00E+03,287,3,1,0,1,1.00E+03,1.00E+03
2018,Kentrell Brothers,10794,LB,3,MIN,6,1,0,0,0,0,,5,1,0,0,2,1.00E+03,1.00E+03
2018,DeMarcus Walker,11806,DI,3,DEN,21,5,2,0,0,2,1.00E+03,16,0,0,0,1,,1.00E+03
2018,Derek Watt,10832,FB,2,LAC,2,1,0,0,0,0,,1,1,0,0,0,1.00E+03,1.00E+03
2018,Jerel Worthy,7054,DI,4,TB,68,27,1,1,0,0,1.00E+03,41,0,0,0,0,,1.00E+03
2018,Maurice Canady,10843,CB,1,BLT,11,4,0,0,0,0,,7,2,0,0,0,1.00E+03,1.00E+03
2018,Aaron Wallace,10856,ED,1,DEN,7,5,0,1,0,0,1.00E+03,2,0,0,0,0,,1.00E+03
2018,Tyus Bowser,11802,ED,15,BLT,157,52,0,0,0,0,,105,1,1,0,1,1.00E+03,1.00E+03
2018,Charone Peake,10875,WR,1,NYJ,1,0,0,0,0,0,,1,1,0,0,0,1.00E+03,1.00E+03
2018,Jacquies Smith,7401,ED,6,OAK,64,23,1,0,0,0,1.00E+03,41,1,0,0,0,1.00E+03,1.00E+03
2018,Josh Robinson,7068,CB,5,NO,26,8,1,0,0,0,1.00E+03,18,1,0,0,0,1.00E+03,1.00E+03
2018,Derrick Shelby,7400,ED,7,ATL,130,60,9,0,0,5,1.00E+03,70,1,0,0,0,1.00E+03,1.00E+03
2018,Jayron Kearse,10878,CB,15,MIN,192,68,7,2,0,5,1.00E+03,124,9,0,0,6,1.00E+03,1.00E+03
2018,Julian Stanford,7372,LB,4,BUF,80,42,4,0,0,2,1.00E+03,38,5,0,0,4,1.00E+03,1.00E+03
2018,Joshua Perkins,11051,TE,1,PHI,1,1,1,0,0,0,1.00E+03,0,0,0,0,0,,1.00E+03
2018,Tra Carson,11104,FB,1,GB,1,1,1,0,0,0,1.00E+03,0,0,0,0,0,,1.00E+03
2018,Joel Heath,11162,DI,4,HST,42,19,2,0,0,0,1.00E+03,23,0,0,0,0,,1.00E+03
2018,Bobby Wagner,7050,LB,15,SEA,892,322,55,23,1,29,79,570,49,11,0,11,1.00E+03,139
2018,Damon Harrison Sr.,7355,DI,17,DET,583,288,56,16,1,46,73,295,2,2,0,5,1.00E+03,77
2018,Jon Bostic,7831,LB,16,PIT,534,248,20,12,0,13,1.00E+03,286,28,2,1,9,31,63
2018,Lawrence Guy,6385,DI,16,NE,502,244,39,12,1,29,52,258,2,1,0,1,1.00E+03,55
2018,P.J. Williams,9511,CB,15,NO,654,168,11,3,0,6,1.00E+03,486,36,1,1,9,38,52
2018,Ben Gedeon,11875,LB,15,MIN,300,185,19,16,1,9,36,115,6,4,0,2,1.00E+03,46
2018,Adam Gotsis,10697,DI,16,DEN,486,225,26,7,1,21,34,261,5,0,0,4,1.00E+03,39
2018,Pierre Desir,8762,CB,15,IND,858,323,13,7,0,7,1.00E+03,535,47,8,2,9,28.5,38.5
2018,Brandon Mebane,3701,DI,12,LAC,388,186,19,14,1,12,34,202,2,0,0,1,1.00E+03,36
2018,Za'Darius Smith,9555,ED,16,BLT,652,194,11,11,1,6,23,458,9,3,0,14,1.00E+03,35
2018,Phillip Gaines,8722,CB,9,CLV,381,168,14,2,0,6,1.00E+03,213,17,1,1,3,19,35
2018,Lorenzo Carter,50126,ED,15,NYG,419,117,13,7,1,5,21,302,10,1,0,10,1.00E+03,32
2018,Sheldon Rankins,10646,DI,16,NO,606,172,17,4,0,15,1.00E+03,434,9,1,1,14,11,32
2018,D.J. Reader,10800,DI,16,HST,608,277,16,9,0,14,1.00E+03,331,5,0,1,5,6,31
2018,Ryan Kerrigan,6168,ED,16,WAS,791,305,15,9,0,11,1.00E+03,486,4,1,1,17,6,30
2018,Morgan Burnett,5596,S,11,PIT,363,107,6,5,1,3,12,256,15,3,0,7,1.00E+03,30
2018,De'Vondre Campbell,10749,LB,16,ATL,849,315,33,12,1,17,46,534,33,8,2,12,21.5,29.7
2018,Ramik Wilson,9551,LB,9,LA,151,68,10,6,0,6,1.00E+03,83,12,0,1,8,13,29
2018,Eddie Yarbrough,11033,ED,15,BUF,289,158,20,3,1,18,24,131,4,1,0,3,1.00E+03,29
2018,Dont'a Hightower,7030,LB,15,NE,741,279,21,9,1,11,31,462,21,4,1,10,26,28.5
2018,Jimmie Ward,8665,S,9,SF,372,128,9,2,0,1,1.00E+03,244,14,2,1,2,17,28
2018,Shaq Lawson,10653,ED,14,BUF,415,203,16,6,0,12,1.00E+03,212,4,0,1,6,5,27
2018,Earl Mitchell,5605,DI,13,SF,351,185,16,6,0,12,1.00E+03,166,3,1,1,0,5,27
2018,Vincent Taylor,11949,DI,8,MIA,192,95,16,5,1,11,22,97,5,0,0,4,1.00E+03,27
2018,Daniel Sorensen,9253,S,7,KC,332,133,9,4,0,4,1.00E+03,199,11,2,1,4,14,27
2018,Ronald Blair III,10776,ED,16,SF,504,173,15,4,0,11,1.00E+03,331,6,0,1,9,7,26
2018,Robert Nkemdiche,10663,DI,10,ARZ,402,184,20,2,1,16,23,218,2,1,0,6,1.00E+03,26
2018,Nevin Lawson,8768,CB,15,DET,837,352,16,2,0,9,1.00E+03,485,26,5,2,7,16.5,25.5
2018,Shamar Stephen,8854,DI,15,SEA,477,227,15,7,1,9,23,250,2,0,0,2,1.00E+03,25
2018,Tyler Lancaster,48604,DI,11,GB,258,131,20,3,1,18,24,127,1,0,0,1,1.00E+03,25
2018,Trey Flowers,9534,ED,15,NE,705,237,31,10,1,25,42,468,6,0,1,12,7,24.5
2018,Davon Godchaux,11934,DI,16,MIA,638,307,29,13,2,21,22,331,3,2,0,3,1.00E+03,24.5
2018,Stephon Gilmore,7016,CB,16,NE,973,328,7,0,0,5,1.00E+03,645,37,2,2,9,20.5,24
2018,Prince Amukamara,6171,CB,15,CHI,869,269,11,3,1,2,15,600,51,4,2,11,28.5,24
2018,Taco Charlton,11783,ED,11,DAL,389,162,15,5,0,10,1.00E+03,227,1,2,1,2,4,24
2018,Teez Tabor,11808,CB,10,DET,263,94,1,0,1,0,2,169,20,2,0,5,1.00E+03,24
2018,Derek Wolfe,7040,DI,16,DEN,677,261,32,10,0,26,1.00E+03,416,4,0,2,3,3,24
2018,Zach Brown,7055,LB,16,WAS,682,291,33,11,2,26,23,391,41,6,2,19,24.5,23.8
2018,Jason Cabinda,50714,LB,10,OAK,154,104,16,3,1,10,20,50,3,0,0,1,1.00E+03,23
2018,Casey Hayward Jr.,7064,CB,16,LAC,960,356,18,1,1,7,20,604,22,2,1,4,25,22.5
2018,B.J. Hill,49894,DI,16,NYG,609,280,28,11,1,22,40,329,3,1,1,6,5,22.5
2018,Shaun Dion Hamilton,49706,LB,6,WAS,126,77,9,5,1,5,15,49,7,0,0,3,1.00E+03,22
2018,Zaire Franklin,49834,LB,11,IND,172,81,6,5,0,5,1.00E+03,91,8,2,1,2,11,22
2018,David Amerson,7832,CB,6,ARZ,282,129,8,1,1,5,10,153,12,0,0,3,1.00E+03,22
2018,Cameron Heyward,6183,DI,16,PIT,791,280,26,9,1,18,36,511,5,1,1,11,7,21.5
2018,Harrison Smith,7641,S,16,MIN,977,406,34,12,1,18,47,571,35,1,3,11,13,21.5
2018,Lorenzo Alexander,2476,LB,16,BUF,607,251,30,9,1,20,40,356,19,3,2,12,12,21.3
2018,Patrick Chung,4957,S,15,NE,853,278,20,13,1,12,34,575,46,1,3,17,16.7,21
2018,Malcom Brown,9465,DI,15,NE,441,200,23,12,2,16,18.5,241,3,2,0,1,1.00E+03,21
2018,Javon Hargrave,10723,DI,16,PIT,433,202,23,12,1,16,36,231,5,0,1,11,6,21
2018,Anthony Harris,9895,S,11,MIN,602,269,15,4,1,4,20,333,18,3,1,2,22,21
2018,Avery Williamson,8786,LB,16,NYJ,1054,412,53,18,2,29,36.5,642,35,9,4,10,12,20.2
2018,Roy Robertson-Harris,11341,DI,16,CHI,339,80,6,8,1,6,15,259,4,1,0,5,1.00E+03,20
2018,Isaiah Oliver,50393,CB,11,ATL,227,54,4,0,0,1,1.00E+03,173,13,2,1,2,16,20
2018,Montravius Adams,11848,DI,16,GB,203,91,12,6,1,5,19,112,1,0,0,1,1.00E+03,20
2018,Austin Johnson,10677,DI,16,TEN,380,197,17,2,0,12,1.00E+03,183,0,0,1,1,1,20
2018,Jordan Hicks,9517,LB,12,PHI,682,204,24,7,1,13,32,478,38,7,3,13,16,20
2018,Ndamukong Suh,5527,DI,16,LA,845,317,30,14,3,21,15.7,528,9,3,0,9,1.00E+03,19.7
2018,Terrance Mitchell,8888,CB,8,CLV,423,160,10,0,1,3,11,263,26,1,1,7,28,19.5
2018,Mike Adams,1972,S,16,CAR,892,327,31,8,2,14,20.5,565,28,6,2,4,18,19.3
2018,Adoree' Jackson,11773,CB,16,TEN,915,361,14,3,0,6,1.00E+03,554,54,2,4,13,15,19.3
2018,Taven Bryan,48753,ED,16,JAX,286,147,15,2,1,10,18,139,1,0,0,2,1.00E+03,19
2018,Tarvarius Moore,49178,CB,10,SF,218,108,4,1,1,3,6,110,12,1,0,2,1.00E+03,19
2018,Cameron Sutton,11850,CB,11,PIT,231,52,1,0,1,1,2,179,17,0,0,4,1.00E+03,19
2018,Leon Jacobs,44980,LB,12,JAX,134,78,7,6,1,5,14,56,5,0,0,3,1.00E+03,19
2018,Derrick Nnadi,49970,DI,16,KC,422,218,24,12,2,17,19,204,0,0,0,0,,19
2018,Christian Jones,9020,LB,16,DET,613,299,41,8,3,16,17.3,314,21,1,1,7,23,18.8
2018,Abry Jones,8177,DI,15,JAX,474,236,23,6,2,21,15.5,238,3,3,0,4,1.00E+03,18.5
2018,Brandon Williams,7875,DI,16,BLT,487,229,27,7,2,19,18,258,1,0,0,1,1.00E+03,18.5
2018,Genard Avery,49699,ED,16,CLV,651,183,21,1,0,15,1.00E+03,468,12,1,2,7,7.5,18.5
2018,Wesley Woodyard,4583,LB,14,TEN,677,247,43,21,4,21,17,430,33,7,2,18,21,18.3
2018,John Johnson III,11847,S,16,LA,911,336,42,14,4,19,15,575,43,5,2,12,25,18.3
2018,Marcus Davenport,50291,ED,13,NO,395,133,12,4,0,10,1.00E+03,262,0,1,1,5,2,18
2018,Nick Perry,7033,ED,9,GB,285,110,14,2,0,8,1.00E+03,175,1,0,1,1,2,18
2018,Linval Joseph,5571,DI,15,MIN,641,300,31,14,1,23,46,341,6,0,2,5,4,18
2018,Darius Leonard,49684,LB,15,IND,905,358,61,23,4,35,22,547,58,11,5,21,14.8,18
2018,Bradley McDougald,8220,S,16,SEA,843,296,27,7,4,14,9.5,547,48,3,1,12,52,18
2018,Holton Hill,50414,CB,14,MIN,361,158,7,2,2,0,5.5,203,22,3,0,6,1.00E+03,18
2018,Darqueze Dennard,8659,CB,13,CIN,653,239,16,2,2,10,10,414,43,6,2,13,25.5,17.8
2018,Kenny Clark,10661,DI,13,GB,684,282,33,13,2,28,24,402,2,1,1,7,4,17.3
2018,Jalen Ramsey,10639,CB,16,JAX,965,386,14,2,0,6,1.00E+03,579,47,2,4,9,13.3,17.3
2018,A'Shawn Robinson,10680,DI,13,DET,394,205,37,9,2,23,24,189,3,0,1,3,4,17.3
2018,Josh Bynes,6503,LB,11,ARZ,688,315,28,16,4,21,12,373,32,5,1,13,38,17.2
2018,Cory Littleton,11190,LB,16,LA,914,346,47,15,6,29,11.3,568,48,2,1,24,51,17
2018,Steve McLendon,5232,DI,16,NYJ,445,226,22,7,2,15,15.5,219,3,0,0,2,1.00E+03,17
2018,Clinton McDonald,5173,DI,15,OAK,395,194,14,14,1,12,29,201,4,0,1,5,5,17
2018,Xavier Rhodes,7806,CB,14,MIN,733,306,5,5,0,2,1.00E+03,427,37,0,3,10,13.3,16.7
2018,Ken Crawley,11224,CB,10,NO,384,133,5,1,1,4,7,251,25,0,1,4,26,16.5
2018,Tavon Wilson,7051,S,14,DET,294,118,10,1,1,6,12,176,17,3,1,7,21,16.5
2018,Ricky Jean Francois,5168,DI,16,DET,389,187,21,9,1,15,31,202,1,0,1,3,2,16.5
2018,Akiem Hicks,7090,DI,16,CHI,745,256,40,4,2,34,23,489,2,0,1,10,3,16.3
2018,Kevin Toliver II,49348,CB,10,CHI,128,31,3,0,0,2,1.00E+03,97,12,0,1,4,13,16
2018,M.J. Stewart,49397,CB,8,TB,285,82,2,1,0,2,1.00E+03,203,25,2,2,8,14.5,16
2018,D.J. Hayden,7793,CB,10,JAX,428,138,6,4,0,3,1.00E+03,290,32,3,3,14,12.7,16
2018,Sharif Finch,50221,ED,15,TEN,198,92,8,2,1,7,11,106,5,0,0,3,1.00E+03,16
2018,Maliek Collins,10701,DI,13,DAL,474,154,9,4,1,6,14,320,2,0,0,3,1.00E+03,16
2018,Lamarcus Joyner,8676,S,15,LA,860,322,24,7,4,8,8.8,538,39,5,1,8,45,16
2018,Terrance Smith,11181,LB,7,KC,167,20,1,0,0,0,1.00E+03,147,11,3,1,3,15,16
2018,Elijah Lee,11987,LB,11,SF,452,193,26,5,2,16,16.5,259,26,2,2,11,15,15.8
2018,Rashaan Melvin,8334,CB,14,OAK,573,239,19,1,2,10,11,334,39,0,2,6,20.5,15.8
2018,Adrian Phillips,9177,S,16,LAC,639,190,28,7,1,17,36,449,30,9,4,7,10.8,15.8
2018,Trae Waynes,9444,CB,14,MIN,659,252,9,4,0,8,1.00E+03,407,29,2,3,8,11.3,15.7
2018,C.J. Mosley,8652,LB,15,BLT,826,275,45,17,5,30,13.4,551,34,7,2,14,21.5,15.7
2018,Benardrick McKinney,9476,LB,16,HST,876,333,53,19,4,30,19,543,25,6,3,10,11.3,15.7
2018,Luke Kuechly,7015,LB,16,CAR,880,325,62,11,6,39,13.2,555,52,6,3,22,20.3,15.6
2018,Nate Hairston,11913,CB,10,IND,391,147,7,3,2,6,6,244,16,3,0,3,1.00E+03,15.5
2018,Antwaun Woods,11332,DI,15,DAL,560,272,14,9,2,10,12.5,288,6,0,0,6,1.00E+03,15.5
2018,Marshon Lattimore,11766,CB,16,NO,858,277,8,1,0,3,1.00E+03,581,46,3,4,6,13.3,15.5
2018,Justin Reid,49048,S,16,HST,865,291,26,3,2,9,15.5,574,41,1,3,3,15,15.2
2018,Mason Foster,6236,LB,16,WAS,978,382,46,22,3,26,23.7,596,46,13,6,19,10.8,15.1
2018,Lavonte David,7060,LB,14,TB,878,350,42,14,3,33,19.7,528,50,7,5,26,12.4,15.1
2018,Darius Slay,7817,CB,15,DET,834,334,5,2,3,3,3.3,500,35,0,0,6,1.00E+03,15
2018,Tyler Patmon,9135,CB,7,JAX,221,72,1,0,0,1,1.00E+03,149,11,2,1,2,14,15
2018,Derek Barnett,11769,ED,6,PHI,224,64,11,2,1,9,14,160,1,0,0,4,1.00E+03,15
2018,Jarrod Wilson,10902,S,12,JAX,209,87,10,1,0,5,1.00E+03,122,3,0,1,1,4,15
2018,Sean Chandler,51315,S,11,NYG,133,28,0,0,1,0,1,105,13,1,0,3,1.00E+03,15
2018,Brian Price,11157,DI,13,CLV,199,94,9,4,1,7,14,105,1,0,0,0,1.00E+03,15
2018,Justin Jones,48940,DI,15,LAC,280,103,12,0,0,4,1.00E+03,177,1,1,1,1,3,15
2018,Su'a Cravens,10687,S,5,DEN,110,25,3,2,0,3,1.00E+03,85,9,0,1,1,10,15
2018,Cameron Jordan,6176,ED,16,NO,835,264,31,7,1,25,39,571,4,0,2,13,3,15
2018,Coty Sensabaugh,7115,CB,15,PIT,699,239,16,1,2,3,9.5,460,24,1,1,5,26,15
2018,Jerome Baker,28091,LB,16,MIA,634,256,29,7,1,18,37,378,30,3,4,11,9.3,14.8
2018,B.W. Webb,7896,CB,16,NYG,942,361,11,1,2,4,7,581,40,3,2,11,22.5,14.8
2018,Kenny Vaccaro,7796,S,13,TEN,710,275,20,7,3,10,10,435,25,3,1,10,29,14.8
2018,Eric Kendricks,9478,LB,14,MIN,840,344,40,20,2,22,31,496,33,2,5,12,8,14.6
2018,Deadrin Senat,48815,DI,15,ATL,353,164,14,9,2,10,12.5,189,4,0,0,3,1.00E+03,14.5
2018,Cameron Wake,4907,ED,14,MIA,483,191,18,5,1,13,24,292,3,1,1,7,5,14.5
2018,Michael Brockers,7020,DI,16,LA,645,299,39,13,3,28,18.3,346,2,0,1,1,3,14.5
2018,Kevin Byard,10698,S,16,TEN,995,394,32,17,4,10,13.3,601,30,2,2,7,17,14.5
2018,Byron Jones,9460,CB,16,DAL,977,365,14,4,2,8,10,612,45,4,3,11,17.3,14.4
2018,Preston Brown,8708,LB,7,CIN,356,164,18,4,1,9,23,192,17,1,2,7,10,14.3
2018,Rodney Gunter,9549,DI,16,ARZ,614,289,31,3,3,20,12.3,325,6,0,0,7,1.00E+03,14.3
2018,Jason McCourty,5127,CB,16,NE,804,255,9,2,1,3,12,549,52,3,4,15,14.8,14.2
2018,Eric Weddle,3653,S,16,BLT,954,326,30,4,2,13,18,628,29,3,3,7,11.7,14.2
2018,Anthony Barr,8644,LB,13,MIN,767,320,27,7,2,13,18,447,18,0,2,7,10,14
2018,Vernon Butler,10664,DI,14,CAR,310,131,7,4,1,5,12,179,1,1,0,1,1.00E+03,14
2018,Bennie Logan,7848,DI,15,TEN,219,116,5,5,0,4,1.00E+03,103,3,0,1,2,4,14
2018,Duron Harmon,7872,S,16,NE,610,174,11,3,2,0,8,436,24,1,1,2,26,14
2018,Adam Butler,12214,DI,16,NE,362,76,9,2,0,5,1.00E+03,286,2,0,1,4,3,14
2018,Vincent Rey,5811,LB,10,CIN,168,98,6,5,0,3,1.00E+03,70,2,0,1,0,3,14
2018,Devon Kennard,8809,ED,15,DET,826,347,24,8,1,16,33,479,4,3,2,9,4.5,14
2018,Vita Vea,48956,DI,13,TB,478,224,19,5,1,13,25,254,2,0,1,4,3,14
2018,Carlos Dunlap,5579,ED,16,CIN,803,282,30,5,2,19,18.5,521,4,0,1,10,5,14
2018,Jonathan Allen,11772,DI,16,WAS,753,307,33,13,1,19,47,446,4,1,3,10,2.7,13.8
2018,Devin McCourty,5552,S,16,NE,964,321,19,5,2,5,13,643,36,4,3,6,14.3,13.8
2018,Mike Hilton,10898,CB,15,PIT,559,140,12,2,0,10,1.00E+03,419,36,1,4,13,10.3,13.8
2018,Fabian Moreau,11836,CB,16,WAS,805,268,14,3,1,5,18,537,30,4,3,7,12.3,13.8
2018,Logan Ryan,7864,CB,14,TEN,819,306,15,8,4,8,6.8,513,34,6,1,13,41,13.6
2018,Jamal Adams,11761,S,16,NYJ,1059,411,50,11,7,28,9.7,648,44,8,2,16,27,13.6
2018,Chris Harris Jr.,6457,CB,12,DEN,716,271,6,4,1,3,11,445,37,3,3,13,14.3,13.5
2018,Daron Payne,48698,DI,16,WAS,771,317,33,8,3,25,14.7,454,7,2,1,9,10,13.5
2018,Justin Evans,11805,S,10,TB,571,217,22,3,2,6,13.5,354,23,2,2,5,13.5,13.5
2018,Danny Trevathan,7177,LB,16,CHI,940,299,41,13,4,27,14.5,641,38,7,4,15,12.3,13.4
2018,Calais Campbell,4364,ED,16,JAX,771,302,47,10,3,44,20,469,4,1,2,13,3.5,13.4
2018,Rashaan Evans,50213,LB,14,TEN,478,218,29,8,2,20,19.5,260,6,6,2,2,7,13.3
2018,Greg Stroman,49354,CB,13,WAS,372,108,9,0,0,3,1.00E+03,264,23,5,3,6,10.3,13.3
2018,Kamu Grugier-Hill,10842,LB,16,PHI,315,152,16,4,3,10,7.7,163,12,4,0,5,1.00E+03,13
2018,Connor Barwin,4969,ED,15,NYG,277,111,5,6,1,1,12,166,1,0,0,2,1.00E+03,13
2018,Corey Thompson,18551,LB,4,BUF,79,51,6,1,1,3,8,28,5,0,0,3,1.00E+03,13
2018,Rayshawn Jenkins,11868,S,10,LAC,91,14,2,1,1,2,4,77,9,0,0,5,1.00E+03,13
2018,Mike Pennel,9316,DI,16,NYJ,342,205,21,1,2,19,12,137,1,1,0,1,1.00E+03,13
2018,Preston Smith,9471,ED,16,WAS,802,310,27,11,2,20,20,492,9,1,2,7,6,13
2018,Desmond Trufant,7803,CB,16,ATL,999,367,10,1,1,3,12,632,47,2,4,11,13.3,13
2018,Christian Covington,9649,DI,12,HST,245,57,5,3,1,5,9,188,2,2,0,6,1.00E+03,13
2018,Sheldon Richardson,7794,DI,16,MIN,683,272,26,15,0,18,1.00E+03,411,5,1,4,5,2.5,12.8
2018,Josey Jewell,50720,LB,16,DEN,436,239,30,6,1,19,37,197,10,1,3,3,4.7,12.8
2018,B.J. Goodson,10743,LB,15,NYG,480,249,35,5,3,15,14.3,231,18,1,2,8,10.5,12.8
2018,Emmanuel Ogbah,10666,ED,14,CLV,764,285,23,8,2,12,16.5,479,3,1,1,4,5,12.7
2018,Ha Ha Clinton-Dix,8656,S,16,WAS,981,412,34,9,2,4,22.5,569,45,5,6,5,9.3,12.6
2018,Sherrick McManis,5667,CB,15,CHI,226,37,6,2,0,1,1.00E+03,189,14,1,2,9,8.5,12.5
2018,Jarran Reed,10683,DI,16,SEA,747,267,27,11,2,25,20,480,3,5,2,12,5,12.5
2018,Clayton Fejedelem,10879,S,14,CIN,154,41,5,1,2,2,4,113,15,2,0,3,1.00E+03,12.5
2018,Deatrich Wise Jr.,11886,ED,16,NE,410,126,13,7,1,5,21,284,3,0,1,6,4,12.5
2018,Brent Urban,8769,DI,16,BLT,491,183,15,4,1,11,20,308,4,0,1,3,5,12.5
2018,Troy Hill,9881,CB,13,LA,408,167,10,0,0,6,1.00E+03,241,22,2,3,6,9,12.3
2018,Josh Tupou,12093,DI,6,CIN,144,91,9,2,1,7,12,53,0,0,0,0,,12
2018,Vince Williams,7988,LB,14,PIT,702,264,35,9,5,21,9.8,438,20,2,1,12,23,12
2018,Olsen Pierre,10010,DI,10,ARZ,240,104,8,1,0,8,1.00E+03,136,0,2,1,0,3,12
2018,Shilique Calhoun,10709,ED,7,OAK,132,64,5,4,0,4,1.00E+03,68,2,0,1,1,3,12
2018,DaQuan Jones,8747,DI,16,TEN,561,284,27,6,2,21,17.5,277,0,0,1,0,1,12
2018,Chandler Jones,7027,ED,16,ARZ,922,405,23,5,2,15,15,517,4,1,1,13,6,12
2018,Marcus Peters,9451,CB,16,LA,868,328,8,1,0,3,1.00E+03,540,31,4,4,9,9.8,12
2018,Karl Joseph,10648,S,13,OAK,486,242,24,9,3,9,12,244,8,2,1,2,11,11.8
2018,Captain Munnerlyn,5140,CB,16,CAR,602,172,5,1,1,2,7,430,31,6,3,14,13.3,11.8
2018,Barry Church,5924,S,11,JAX,637,260,21,6,3,13,10,377,15,1,1,4,17,11.8
2018,Reggie Gilbert,11147,ED,16,GB,457,188,21,1,1,18,23,269,10,0,2,6,6,11.7
2018,Michael Pierce,11101,DI,14,BLT,364,142,23,5,3,16,10.3,222,4,0,0,3,1.00E+03,11.7
2018,Damion Square,8042,DI,16,LAC,505,234,19,8,2,13,14.5,271,2,3,1,5,6,11.7
2018,Kyle Fuller,8649,CB,16,CHI,966,305,6,4,2,2,6,661,38,5,3,8,15.3,11.6
2018,Kiko Alonso,7827,LB,15,MIA,943,415,47,21,7,26,10.7,528,42,7,4,14,13.3,11.6
2018,Elandon Roberts,10848,LB,16,NE,413,195,26,10,2,20,19,218,15,2,3,9,6.7,11.6
2018,A.J. Bouye,8110,CB,13,JAX,779,306,7,3,3,3,4.3,473,42,1,2,10,22.5,11.6
2018,Mike Daniels,7132,DI,10,GB,401,181,16,5,2,16,11.5,220,0,0,0,2,,11.5
2018,Angelo Blackson,9533,DI,16,HST,413,166,12,5,2,7,9.5,247,3,1,0,2,1.00E+03,11.5
2018,Tahir Whitehead,7135,LB,16,OAK,970,457,62,19,9,32,10,513,37,8,3,11,16,11.5
2018,Shaquil Barrett,9000,ED,13,DEN,261,107,11,3,1,9,15,154,7,0,1,7,8,11.5
2018,Anthony Hitchens,8754,LB,15,KC,890,356,52,18,6,27,12.7,534,40,6,5,11,10.2,11.5
2018,L.J. Fort,7292,LB,12,PIT,287,85,19,2,0,16,1.00E+03,202,17,4,4,8,6.3,11.5
2018,K.J. Wright,6251,LB,5,SEA,216,82,6,5,2,3,6.5,134,10,0,0,2,1.00E+03,11.5
2018,Leighton Vander Esch,50950,LB,16,DAL,754,284,49,14,5,32,13.6,470,64,7,8,22,9.9,11.3
2018,Ronnie Harrison,49206,S,14,JAX,314,141,13,2,3,7,6,173,13,3,0,5,1.00E+03,11.3
2018,Roquan Smith,50892,LB,16,CHI,836,259,39,12,5,24,11.2,577,56,6,6,23,11.3,11.3
2018,Xavier Williams,9809,DI,16,KC,403,200,33,4,2,21,19.5,203,3,1,2,3,3,11.3
2018,Corey Graham,3784,S,13,PHI,625,182,16,6,3,2,8.3,443,26,3,2,7,15.5,11.2
2018,Thomas Davis Sr.,2231,LB,12,CAR,620,244,24,11,4,15,9.8,376,32,4,3,14,13,11.1
2018,Kemoko Turay,21702,ED,14,IND,363,104,3,3,0,2,1.00E+03,259,4,0,1,5,5,11
2018,Eric Berry,5530,S,2,KC,91,44,3,2,1,2,6,47,4,1,0,1,1.00E+03,11
2018,Jordan Jenkins,10717,ED,16,NYJ,622,265,18,5,2,13,12.5,357,4,3,1,6,8,11
2018,Matt Ioannidis,10786,DI,14,WAS,421,161,15,2,0,9,1.00E+03,260,3,0,2,9,2.5,11
2018,William Gholston,7908,DI,16,TB,381,142,6,3,0,3,1.00E+03,239,1,0,1,2,2,11
2018,Kemal Ishmael,8026,LB,10,ATL,62,38,4,2,1,2,7,24,4,0,0,1,1.00E+03,11
2018,Clayton Geathers,9542,S,12,IND,678,259,29,10,4,10,10.8,419,37,4,4,10,11.3,11
2018,Caraun Reid,8793,DI,10,DAL,179,72,8,1,0,7,1.00E+03,107,1,0,1,2,2,11
2018,Trumaine Johnson,7067,CB,10,NYJ,631,243,4,1,0,2,1.00E+03,388,34,0,4,11,9.5,10.8
2018,Jordan Evans,11947,LB,14,CIN,486,237,26,12,3,14,13.7,249,19,2,3,6,8,10.8
2018,Quinton Dunbar,10073,CB,7,WAS,361,128,5,2,2,2,4.5,233,31,1,2,8,17,10.8
2018,Brandon Graham,5538,ED,16,PHI,726,202,25,6,1,21,32,524,5,3,3,6,3.7,10.8
2018,Grady Jarrett,9570,DI,14,ATL,666,236,34,13,1,23,48,430,1,1,4,7,1.5,10.8
2018,Shaq Thompson,9458,LB,14,CAR,568,229,24,6,2,14,16,339,33,5,5,15,8.6,10.7
2018,Justin Simmons,10732,S,16,DEN,1022,413,22,9,0,7,1.00E+03,609,52,4,9,9,7.2,10.7
2018,Mario Addison,6558,ED,16,CAR,637,226,15,9,2,11,13,411,3,2,1,13,6,10.7
2018,Tony Brown,49255,CB,10,GB,278,109,7,0,0,3,1.00E+03,169,21,1,3,3,8.3,10.7
2018,Tashaun Gipson Sr.,7288,S,16,JAX,952,374,25,5,4,13,8.5,578,23,4,2,6,14.5,10.5
2018,Terrell McClain,6217,DI,13,ATL,358,156,13,5,1,11,19,202,0,1,1,1,2,10.5
2018,Devante Bond,10817,LB,10,TB,240,155,10,3,2,6,7.5,85,6,0,0,2,1.00E+03,10.5
2018,Manti Te'o,7819,LB,5,NO,135,68,10,3,1,8,14,67,5,1,1,3,7,10.5
2018,Parry Nickerson,50511,CB,8,NYJ,204,52,2,0,0,1,1.00E+03,152,14,3,2,6,9.5,10.5
2018,Darius Phillips,49507,CB,11,CIN,223,79,3,0,0,0,1.00E+03,144,16,0,2,5,9,10.5
2018,Rasul Douglas,11854,CB,13,PHI,522,148,8,2,1,5,11,374,45,2,5,17,10.4,10.5
2018,Brent Grimes,3589,CB,13,TB,759,328,14,4,3,1,7,431,27,2,2,4,15.5,10.4
2018,Brandon Carr,4454,CB,16,BLT,824,270,6,2,1,2,9,554,36,3,4,10,10.8,10.4
2018,Danielle Hunter,9521,ED,16,MIN,833,340,41,9,5,26,11,493,6,0,1,18,7,10.3
2018,Jatavis Brown,10809,LB,15,LAC,598,206,22,9,5,13,7.2,392,52,10,5,16,13.4,10.3
2018,Jaquiski Tartt,9479,S,8,SF,424,159,14,9,2,8,12.5,265,22,1,3,5,8.7,10.2
2018,Vonn Bell,10695,S,16,NO,709,204,29,7,4,18,10,505,41,5,5,11,10.2,10.1
2018,Sheldon Day,10737,DI,12,SF,267,106,6,2,0,3,1.00E+03,161,1,0,1,2,2,10
2018,Kyle Wilber,7113,ED,6,OAK,57,26,4,2,1,1,7,31,3,0,0,1,1.00E+03,10
2018,Ziggy Hood,4955,DI,12,MIA,209,92,7,1,0,6,1.00E+03,117,1,0,1,1,2,10
2018,Dee Ford,8658,ED,16,KC,957,353,20,8,2,15,15,604,8,0,2,18,5,10
2018,Josh Shaw,9553,S,7,TB,96,41,3,0,0,2,1.00E+03,55,6,0,1,1,7,10
2018,Zach Moore,8833,ED,16,ARZ,238,121,6,2,0,4,1.00E+03,117,1,0,1,4,2,10
2018,Tramaine Brock Sr.,5903,CB,12,DEN,411,149,3,0,2,1,2.5,262,20,4,1,3,25,10
2018,Jonathan Woodard,10860,ED,6,MIA,122,69,6,1,1,5,8,53,2,0,0,1,1.00E+03,10
2018,Jayon Brown,11910,LB,16,TEN,812,288,39,12,7,23,8.3,524,31,8,3,17,14,10
2018,Ryan Glasgow,11893,DI,3,CIN,88,43,5,1,1,4,7,45,3,0,0,1,1.00E+03,10
2018,Rasheem Green,48731,ED,10,SEA,195,79,7,1,0,4,1.00E+03,116,1,0,1,2,2,10
2018,Malcolm Smith,6394,LB,12,SF,319,140,17,7,2,10,13,179,9,3,2,6,7,10
2018,Corey Peters,5607,DI,15,ARZ,696,323,31,8,2,23,20.5,373,6,0,3,5,3,10
2018,Ray-Ray Armstrong,8271,LB,8,CLV,204,76,11,1,0,8,1.00E+03,128,6,0,2,2,4,10
2018,Margus Hunt,7834,DI,15,IND,687,257,21,3,1,20,25,430,2,1,2,6,2.5,10
2018,Dion Jordan,7785,ED,12,SEA,289,96,11,2,1,7,14,193,4,1,1,2,6,10
2018,Jermaine Whitehead,9698,S,9,CLV,216,63,7,2,1,3,10,153,8,1,1,2,10,10
2018,Isaiah Johnson,10935,S,13,TB,388,174,18,3,2,5,11.5,214,23,1,3,2,9,10
2018,Aaron Donald,8648,DI,16,LA,868,315,31,5,4,29,10,553,0,0,0,21,,10
2018,Blake Martinez,10765,LB,16,GB,998,409,49,31,8,24,11,589,47,6,7,23,8.6,9.9
2018,Benson Mayowa,8196,ED,15,ARZ,521,231,22,7,4,19,8.3,290,5,1,0,8,1.00E+03,9.8
2018,Nickell Robey-Coleman,8483,CB,16,LA,525,140,3,1,0,1,1.00E+03,385,26,5,4,11,8.8,9.8
2018,Breeland Speaks,48727,ED,16,KC,453,175,14,3,1,9,18,278,7,2,2,4,5.5,9.7
2018,Alex Anzalone,11831,LB,16,NO,463,122,13,1,1,8,15,341,30,8,5,9,8.6,9.7
2018,Jaylon Smith,10668,LB,16,DAL,933,355,39,14,3,27,18.7,578,47,4,9,17,6.7,9.7
2018,Deion Jones,10686,LB,6,ATL,352,133,28,6,1,19,35,219,17,1,5,9,4.6,9.7
2018,Kendrick Lewis,5659,S,9,TEN,267,110,9,5,0,3,1.00E+03,157,11,1,3,1,5,9.7
2018,Zach Cunningham,11812,LB,14,HST,715,259,45,10,4,26,14.8,456,41,7,8,22,7,9.6
2018,Erik Harris,10346,S,15,OAK,408,189,15,6,4,5,6.3,219,20,2,1,5,23,9.6
2018,Larry Ogunjobi,11820,DI,16,CLV,887,337,31,6,2,25,19.5,550,5,1,3,8,3,9.6
2018,Myles Jack,10670,LB,16,JAX,970,388,42,20,10,28,7.2,582,38,2,2,18,21,9.5
2018,Tyeler Davison,9587,DI,14,NO,408,178,10,5,1,7,16,230,2,0,1,3,3,9.5
2018,Kyle Love,5806,DI,16,CAR,442,169,12,5,2,11,9.5,273,0,0,0,1,,9.5
2018,Richard Sherman,6306,CB,14,SF,795,289,6,1,2,3,4.5,506,26,1,2,7,14.5,9.5
2018,Grover Stewart,11899,DI,15,IND,276,142,11,4,2,7,8.5,134,1,1,0,1,1.00E+03,9.5
2018,Fletcher Cox,7018,DI,16,PHI,799,223,17,9,2,14,14,576,8,0,2,16,5,9.5
2018,Deone Bucannon,8662,LB,13,ARZ,377,204,15,7,3,8,8.3,173,10,2,1,2,13,9.5
2018,Adarius Taylor,9074,LB,15,TB,602,300,26,7,5,12,7.6,302,17,1,1,8,19,9.5
2018,Josh Jones,11816,S,11,GB,482,186,18,10,3,11,10.3,296,19,4,3,3,8.7,9.5
2018,Terrell Edmunds,51334,S,16,PIT,911,311,24,5,5,11,6.8,600,34,4,3,8,13.7,9.4
2018,Mark Barron,7013,LB,12,LA,542,259,25,10,6,17,6.8,283,22,1,1,8,24,9.3
2018,Derrick Morgan,5541,ED,13,TEN,503,201,16,4,2,9,11,302,5,0,1,1,6,9.3
2018,Malik Jackson,7647,DI,16,JAX,596,206,17,4,1,14,22,390,4,0,2,5,3,9.3
2018,Cre'Von LeBlanc,11218,CB,10,PHI,364,97,5,1,1,2,7,267,15,4,2,2,10.5,9.3
2018,Marcell Dareus,6155,DI,15,JAX,535,260,27,4,4,19,8.8,275,2,0,0,2,1.00E+03,9.3
2018,Chidobe Awuzie,11815,CB,15,DAL,847,314,18,0,6,6,4,533,50,7,3,5,20,9.3
2018,Quandre Diggs,9633,S,16,DET,903,362,23,7,3,14,11,541,48,5,7,14,8.6,9.3
2018,Patrick Peterson,6157,CB,16,ARZ,1058,481,21,1,4,7,6.5,577,26,2,2,9,15,9.3
2018,Jonathan Jones,11217,CB,16,NE,494,133,7,2,1,3,10,361,39,2,5,13,9.2,9.3
2018,DeForest Buckner,10641,DI,16,SF,806,296,30,13,5,21,9.6,510,6,1,1,16,8,9.3
2018,Alex Okafor,7885,ED,16,NO,622,195,17,10,3,12,10,427,5,1,1,7,7,9.3
2018,Harold Landry III,48600,ED,15,TEN,566,177,15,6,2,9,11.5,389,10,2,2,10,7,9.3
2018,Romeo Okwara,11250,ED,15,DET,682,283,20,9,1,12,30,399,4,0,3,11,2.3,9.3
2018,Tyrann Mathieu,7850,S,16,HST,997,336,19,4,2,12,12.5,661,54,5,8,18,8.4,9.2
2018,Steven Nelson,9531,CB,16,KC,1095,400,16,4,3,2,7.7,695,50,3,6,11,9.8,9.1
2018,Darron Lee,10654,LB,12,NYJ,771,313,30,10,6,19,7.7,458,28,5,3,13,12,9.1
2018,Nick Vigil,10721,LB,11,CIN,647,237,35,6,3,23,14.7,410,37,3,7,12,6.7,9.1
2018,Ricardo Allen,8782,S,3,ATL,193,65,2,2,2,0,3,128,12,0,0,2,1.00E+03,9
2018,Kyle Williams,3079,DI,16,BUF,626,232,13,6,2,9,10.5,394,4,1,1,7,6,9
2018,Mike Ford,50535,CB,7,DET,300,83,2,0,0,1,1.00E+03,217,22,0,3,3,8.3,9
2018,Delano Hill,11849,S,13,SEA,309,101,8,6,1,4,15,208,8,2,2,1,6,9
2018,Joe Thomas,9272,LB,6,DAL,57,18,2,1,1,1,4,39,5,0,0,4,1.00E+03,9
2018,Domata Peko Sr.,3068,DI,16,DEN,493,254,19,9,4,16,8,239,4,0,0,3,1.00E+03,9
2018,Bryce Hager,9657,LB,7,LA,53,17,3,1,1,1,5,36,3,1,0,1,1.00E+03,9
2018,Quincy Wilson,11801,CB,13,IND,409,124,4,1,0,1,1.00E+03,285,15,4,3,3,7.3,9
2018,Budda Baker,11791,CB,14,ARZ,895,399,37,6,3,26,15.3,496,45,8,9,14,6.9,9
2018,Haloti Ngata,2957,DI,13,PHI,350,150,11,5,2,9,9,200,0,0,0,1,,9
2018,Grant Haley,50473,CB,10,NYG,400,132,7,4,2,4,6.5,268,21,0,2,4,11.5,9
2018,Shane Ray,9456,ED,11,DEN,239,87,5,0,0,4,1.00E+03,152,3,0,1,2,4,9
2018,Jeremiah Attaochu,8685,ED,10,NYJ,164,61,6,2,1,4,9,103,0,0,0,2,,9
2018,Rashard Robinson,10767,CB,4,NYJ,79,31,1,0,0,0,1.00E+03,48,6,1,1,0,8,9
2018,Jalen Reeves-Maybin,11879,LB,9,DET,110,47,5,2,0,4,1.00E+03,63,1,0,1,1,2,9
2018,Marquel Lee,11923,LB,16,OAK,421,249,27,16,4,16,11.8,172,11,1,3,5,5,8.9
2018,Brandon Marshall,7648,LB,11,DEN,444,157,15,8,3,9,8.7,287,12,4,2,1,9,8.8
2018,Raekwon McMillan,11809,LB,16,MIA,785,420,62,13,8,47,10.4,365,23,4,5,8,6.4,8.8
2018,Andrew Billings,10756,DI,16,CIN,611,334,27,3,4,23,8.5,277,0,1,0,2,1.00E+03,8.8
2018,Adrian Amos,9575,S,16,CHI,981,312,11,9,4,5,6,669,48,1,5,12,10.8,8.7
2018,Ronald Darby,9483,CB,9,PHI,524,138,6,2,2,3,5,386,36,2,4,8,10.5,8.7
2018,Leon Hall,3634,CB,10,OAK,344,137,7,2,0,2,1.00E+03,207,13,1,3,7,5.7,8.7
2018,Bene Benwikere,8783,CB,11,OAK,564,248,18,4,1,9,23,316,29,3,6,4,6.3,8.7
2018,Malik Hooker,11770,S,14,IND,868,343,12,8,2,1,11,525,22,4,4,1,7.5,8.7
2018,Jurrell Casey,6229,DI,15,TEN,717,273,37,12,4,28,13.3,444,1,3,3,7,2.3,8.6
2018,Jaire Alexander,49350,CB,13,GB,726,287,11,1,2,2,7,439,47,2,6,14,9.2,8.6
2018,Glover Quin,5035,S,16,DET,793,334,28,7,7,11,6,459,30,3,2,3,17.5,8.6
2018,Gareon Conley,11779,CB,14,OAK,642,292,11,4,1,3,16,350,22,1,4,6,6.8,8.6
2018,Todd Davis,9007,LB,16,DEN,801,353,55,12,10,26,7.7,448,38,2,4,16,11,8.6
2018,D.J. Reed Jr.,26940,S,11,SF,341,140,12,2,2,3,8,201,15,1,2,7,9,8.5
2018,Bruce Carter,6192,LB,7,ATL,74,31,6,1,2,4,4.5,43,6,2,0,1,1.00E+03,8.5
2018,Ryan Lewis,12017,CB,5,BUF,148,43,2,0,0,1,1.00E+03,105,10,3,2,1,7.5,8.5
2018,Darryl Roberts,9680,S,14,NYJ,682,232,13,4,1,1,18,450,27,1,5,9,6.6,8.5
2018,Dorance Armstrong,48557,ED,15,DAL,261,129,11,4,1,7,16,132,0,0,1,0,1,8.5
2018,Landon Collins,9466,S,12,NYG,759,318,42,7,8,23,7.1,441,37,12,5,11,10.8,8.5
2018,Vinny Curry,7061,ED,12,TB,418,156,11,1,2,5,7,262,3,0,0,5,1.00E+03,8.5
2018,Robert Alford,7841,CB,15,ATL,904,348,8,3,3,3,4.7,556,39,2,4,5,11.3,8.4
2018,Malcolm Butler,9040,CB,16,TEN,796,280,16,0,4,6,5,516,50,1,5,9,11.2,8.4
2018,Marcus Maye,11794,S,6,NYJ,379,165,16,5,2,3,11.5,214,15,1,3,2,6.3,8.4
2018,Malcolm Jenkins,4937,S,16,PHI,999,299,31,6,4,19,10.3,700,54,5,9,19,7.6,8.4
2018,Eddie Goldman,9472,DI,16,CHI,529,198,30,6,3,23,13,331,1,0,2,4,1.5,8.4
2018,Jimmy Smith,6179,CB,12,BLT,577,204,7,0,1,3,8,373,33,4,5,7,8.4,8.3
2018,Tyrone Crawford,7083,DI,15,DAL,603,197,15,3,2,12,10,406,4,0,1,8,5,8.3
2018,James Bradberry,10696,CB,16,CAR,944,355,13,1,5,7,3.8,589,51,1,4,13,14,8.3
2018,Damarious Randall,9463,S,15,CLV,1032,390,30,9,2,3,20.5,642,43,5,10,7,5.8,8.3
2018,Eric Murray,10740,S,15,KC,656,210,12,5,3,4,6.7,446,32,2,4,2,9.5,8.3
2018,Everson Griffen,5624,ED,11,MIN,553,237,23,6,3,18,10.7,316,0,0,1,5,1,8.3
2018,Reshad Jones,5686,S,14,MIA,771,349,32,2,5,12,7.8,422,29,3,4,8,9,8.3
2018,Jessie Bates III,49162,S,16,CIN,1070,436,34,7,4,5,11.3,634,49,11,10,11,7,8.2
2018,Demario Davis,7079,LB,16,NO,833,278,34,8,7,24,7,555,46,5,6,22,9.5,8.2
2018,Antoine Bethea,3152,S,16,ARZ,1061,484,54,11,12,18,6.4,577,49,6,5,13,12,8.1
2018,Marcus Gilchrist,6202,S,16,OAK,823,363,14,6,6,4,4.3,460,27,3,1,3,31,8.1
2018,Kenny Moore II,51596,CB,15,IND,862,336,22,3,4,16,7.3,526,47,6,7,18,8.6,8.1
2018,A.J. Klein,7930,LB,16,NO,639,249,34,12,4,21,12.5,390,15,3,5,7,4.6,8.1
2018,T.J. Carrie,8853,CB,16,CLV,864,290,18,3,5,10,5.2,574,49,1,5,10,11,8.1
2018,Jordan Dangerfield,8468,S,7,PIT,72,38,3,3,1,2,7,34,1,0,0,0,1.00E+03,8
2018,Aaron Colvin,8749,CB,8,HST,296,81,2,1,2,1,2.5,215,22,3,2,6,13.5,8
2018,Aaron Lynch,8785,ED,13,CHI,336,113,8,3,1,8,12,223,3,0,1,4,4,8
2018,Kerry Wynn,8938,DI,14,NYG,361,99,14,3,2,12,9.5,262,9,2,2,8,6.5,8
2018,Kyle Emanuel,9586,LB,14,LAC,209,109,15,4,2,10,10.5,100,8,1,2,3,5.5,8
2018,Christian Ringo,9643,DI,6,CIN,148,51,6,0,1,4,7,97,1,0,0,3,1.00E+03,8
2018,Anthony Chickillo,9645,ED,16,PIT,279,95,6,4,0,4,1.00E+03,184,4,0,2,5,3,8
2018,Kawann Short,7825,DI,14,CAR,556,191,27,6,4,24,9.3,365,2,0,1,5,3,8
2018,Ryan Smith,10742,CB,12,TB,400,138,6,3,0,3,1.00E+03,262,17,2,4,3,5.8,8
2018,Deon Bush,10758,S,10,CHI,143,40,3,1,1,2,5,103,3,0,0,1,1.00E+03,8
2018,Tyler Matakevich,10880,LB,3,PIT,52,24,1,2,1,0,4,28,3,1,0,1,1.00E+03,8
2018,Ron Parker,6625,S,15,KC,963,338,27,2,4,4,8.3,625,46,2,7,7,7.9,8
2018,Colin Jones,6342,S,7,CAR,92,32,4,1,1,1,6,60,7,2,1,0,10,8
2018,Arthur Maulet,12224,CB,4,IND,90,27,1,0,0,1,1.00E+03,63,6,0,1,4,7,8
2018,Keionta Davis,23592,ED,6,NE,178,81,5,1,1,4,7,97,1,0,0,1,1.00E+03,8
2018,Duke Ejiofor,39256,LB,12,HST,152,17,1,0,1,0,2,135,5,1,0,4,1.00E+03,8
2018,Kyzir White,44485,LB,3,LAC,138,73,9,2,0,1,1.00E+03,65,3,0,2,1,2.5,8
2018,Oren Burks,50203,LB,12,GB,118,48,8,0,2,2,5,70,5,1,0,1,1.00E+03,8
2018,Derwin James,51368,S,16,LAC,971,359,36,16,3,17,18.3,612,43,3,11,23,5.2,8
2018,Buster Skrine,6289,CB,14,NYJ,657,247,17,1,1,9,19,410,37,0,7,11,6.3,7.9
2018,Marcus Williams,11797,S,16,NO,908,297,13,3,3,0,6.3,611,31,1,4,1,9,7.9
2018,Fred Warner,51222,LB,16,SF,1011,411,51,12,7,35,10,600,39,7,9,13,6.1,7.8
2018,Bud Dupree,9455,ED,16,PIT,821,287,12,7,3,10,7.3,534,15,0,2,9,8.5,7.8
2018,Sean Davis,10692,S,15,PIT,927,324,27,6,6,7,6.5,603,37,11,6,8,9,7.8
2018,Kareem Jackson,5545,CB,16,HST,946,327,31,4,3,20,12.7,619,42,5,9,14,6.2,7.8
2018,Andrew Sendejo,6118,S,5,MIN,304,110,8,2,3,3,4.3,194,15,2,1,1,18,7.8
2018,Matthew Judon,10780,ED,16,BLT,624,196,15,5,3,12,7.7,428,11,3,2,11,8,7.8
2018,Tre Flowers,49059,CB,15,SEA,870,315,18,5,0,6,1.00E+03,555,43,2,10,9,5.5,7.8
2018,Jahleel Addae,8117,S,16,LAC,968,359,26,11,6,9,7.2,609,32,6,5,2,8.6,7.8
2018,Chris Smith,8794,ED,16,CLV,323,148,14,3,2,12,9.5,175,3,0,1,2,4,7.7
2018,Jordan Richards,9497,S,15,ATL,408,156,18,3,3,10,8,252,17,2,3,6,7.3,7.7
2018,Marqui Christian,10801,S,16,LA,330,53,4,2,0,0,1.00E+03,277,25,2,5,10,6.4,7.6
2018,Gerald Hodges,7902,LB,11,ARZ,338,164,26,8,4,13,9.5,174,17,2,4,3,5.8,7.6
2018,Jabrill Peppers,11780,S,16,CLV,732,274,27,8,4,13,9.8,458,32,6,7,7,6.4,7.6
2018,Akeem Spence,7882,DI,16,MIA,621,284,25,11,4,17,10,337,2,1,2,2,2.5,7.5
2018,Rashaan Gaulden,51241,S,11,CAR,138,55,6,1,1,3,8,83,4,2,1,0,7,7.5
2018,Randy Gregory,9493,ED,14,DAL,430,127,11,0,1,5,12,303,2,0,1,7,3,7.5
2018,Jabaal Sheard,6189,ED,16,IND,770,276,25,3,4,21,8,494,8,3,2,8,6.5,7.5
2018,Emmanuel Lamur,7561,LB,9,NYJ,138,96,9,3,1,6,13,42,1,0,1,0,2,7.5
2018,Bradley Roby,8666,CB,15,DEN,872,326,9,2,4,4,3.8,546,39,2,4,9,11.3,7.5
2018,Dontari Poe,7017,DI,16,CAR,489,209,9,3,2,6,7,280,1,0,0,1,1.00E+03,7.5
2018,Tony Jefferson,8361,S,14,BLT,813,282,19,8,6,11,5.5,531,42,3,5,18,10,7.5
2018,Anthony Brown,10823,CB,15,DAL,660,211,10,2,1,4,13,449,26,1,5,11,6.4,7.5
2018,Uchenna Nwosu,50084,ED,16,LAC,252,73,7,1,1,4,9,179,4,1,1,6,6,7.5
2018,Tre Boston,8763,S,14,ARZ,908,399,31,9,8,11,6,509,35,3,4,4,10.5,7.5
2018,Jadeveon Clowney,8636,ED,15,HST,863,283,33,3,5,28,8.2,580,3,0,1,10,4,7.5
2018,Ja'Whaun Bentley,50966,LB,3,NE,134,50,7,1,0,5,1.00E+03,84,5,0,2,1,3.5,7.5
2018,Zach Kerr,9195,DI,16,DEN,369,175,20,10,4,14,8.5,194,1,1,1,3,3,7.4
2018,Tremaine Edmunds,50905,LB,15,BUF,889,380,41,14,7,24,8.9,509,49,12,11,14,6.5,7.4
2018,Shareece Wright,6241,CB,12,HST,484,121,5,0,2,5,3.5,363,24,3,3,5,10,7.4
2018,K'Waun Williams,9332,CB,14,SF,564,180,14,0,2,6,8,384,29,2,5,9,7.2,7.4
2018,Avonte Maddox,50543,CB,10,PHI,526,133,8,2,1,2,11,393,22,0,4,1,6.5,7.4
2018,Patrick Onwuasor,11100,LB,16,BLT,403,168,24,6,3,13,11,235,13,2,4,9,4.8,7.4
2018,Kyle Van Noy,8675,LB,16,NE,907,299,39,9,7,19,7.9,608,29,6,6,15,6.8,7.4
2018,Shawn Williams,7865,S,16,CIN,963,418,42,9,10,18,6.1,545,53,5,7,9,9.3,7.4
2018,Tramon Williams,3558,S,16,GB,1011,413,12,2,5,0,3.8,598,32,5,3,9,13.3,7.4
2018,P.J. Hall,31211,DI,14,OAK,485,201,12,5,1,11,18,284,1,1,2,1,2,7.3
2018,Shaquill Griffin,11845,CB,16,SEA,907,328,15,8,4,7,6.8,579,39,1,6,9,7.7,7.3
2018,T.J. McDonald,7852,S,14,MIA,893,393,33,13,7,17,7.6,500,35,1,6,4,7,7.3
2018,Danny Shelton,9445,DI,13,NE,308,134,12,7,3,10,7.3,174,0,0,0,0,,7.3
2018,Tyson Alualu,5535,DI,15,PIT,299,132,15,2,2,14,9.5,167,1,1,1,1,3,7.3
2018,Kenny Young,51029,LB,16,BLT,351,146,26,3,4,17,8.3,205,14,1,3,9,6,7.3
2018,Nathan Gerry,11940,LB,10,PHI,130,69,8,4,2,6,7,61,6,1,1,3,8,7.3
2018,Brandon Dunn,9262,DI,14,HST,328,159,12,2,0,10,1.00E+03,169,3,2,3,2,2.7,7.3
2018,Haason Reddick,11768,LB,16,ARZ,810,358,29,12,9,20,5.6,452,25,10,3,15,12.7,7.3
2018,Artie Burns,10659,CB,8,PIT,293,102,5,0,1,2,6,191,13,1,2,3,8,7.3
2018,Austin Calitro,50640,LB,11,SEA,269,128,20,5,3,11,9.3,141,12,1,3,7,5.3,7.3
2018,George Odum,31342,S,10,IND,196,76,8,4,3,4,5,120,12,1,1,2,14,7.3
2018,Nigel Bradham,7105,LB,15,PHI,888,280,34,11,7,23,7.4,608,39,9,8,20,7,7.2
2018,Telvin Smith Sr.,8779,LB,16,JAX,966,386,53,17,12,32,6.8,580,53,7,9,18,7.7,7.2
2018,Sam Hubbard,48457,ED,16,CIN,493,157,17,4,1,7,22,336,9,1,4,11,3.5,7.2
2018,Bryce Callahan,10000,CB,13,CHI,640,177,5,2,2,2,4.5,463,34,2,5,15,8.2,7.1
2018,Kendall Fuller,10718,CB,15,KC,1013,355,20,4,4,6,7,658,56,6,10,20,7.2,7.1
2018,Michael Davis,12040,CB,13,LAC,586,219,6,1,2,4,4.5,367,33,3,5,12,8.2,7.1
2018,Anthony Walker,11916,LB,15,IND,666,308,46,15,11,35,6.5,358,34,9,6,15,8.2,7.1
2018,Hardy Nickerson,50712,LB,16,CIN,520,224,25,6,4,13,8.8,296,21,3,5,7,5.8,7.1
2018,Reggie Ragland,10675,LB,16,KC,559,309,57,16,8,22,10.1,250,9,4,6,1,3.2,7.1
2018,Foyesade Oluokun,24904,LB,16,ATL,506,223,36,17,8,17,7.6,283,31,7,7,14,6.4,7.1
2018,Jeff Holland,50287,ED,3,DEN,38,22,4,2,1,3,7,16,0,0,0,0,,7
2018,Patrick Robinson,5557,CB,3,NO,103,34,1,0,0,0,1.00E+03,69,4,1,1,2,6,7
2018,Xavier Woods,11946,S,14,DAL,847,318,13,4,2,2,9.5,529,34,3,7,3,6.3,7
2018,Hassan Ridgeway,10750,DI,5,IND,62,28,4,1,1,3,6,34,1,0,0,1,1.00E+03,7
2018,Daren Bates,8077,LB,9,TEN,42,11,2,0,0,2,1.00E+03,31,3,1,1,1,5,7
2018,Jordan Phillips,9485,DI,16,BUF,370,199,15,6,3,13,8,171,3,0,1,2,4,7
2018,Will Compton,8308,LB,7,TEN,76,37,2,3,1,1,6,39,1,0,0,0,1.00E+03,7
2018,Arik Armstead,9450,ED,16,SF,585,272,29,9,3,18,13.7,313,4,0,4,5,2,7
2018,Rafael Bush,5779,CB,15,BUF,435,185,6,7,3,5,5.3,250,23,6,4,6,8.3,7
2018,KeiVarae Russell,10708,CB,6,CIN,134,52,2,0,0,0,1.00E+03,82,10,0,2,1,6,7
2018,Isaiah Irving,12171,ED,9,CHI,104,28,3,1,0,3,1.00E+03,76,2,0,1,2,3,7
2018,Von Miller,6154,ED,16,DEN,803,304,16,10,5,12,6.2,499,3,1,0,17,1.00E+03,7
2018,Ryan Anderson,11804,ED,13,WAS,158,61,6,2,0,5,1.00E+03,97,3,1,2,2,3,7
2018,Janoris Jenkins,7043,CB,16,NYG,1026,414,17,4,4,5,6.3,612,42,3,7,11,7.4,7
2018,Nick Nelson,28495,CB,10,OAK,298,125,5,2,0,3,1.00E+03,173,10,1,3,2,4.7,7
2018,Anthony Zettel,10836,ED,15,CLV,152,56,6,2,1,4,9,96,3,1,1,2,5,7
2018,Treyvon Hester,11999,DI,12,PHI,216,85,9,2,1,7,12,131,1,0,1,1,2,7
2018,David Onyemata,10754,DI,16,NO,585,183,15,5,2,13,11,402,9,1,3,11,4.3,7
2018,Leonard Floyd,10643,ED,16,CHI,765,244,22,7,2,19,15.5,521,9,3,5,6,3.4,6.9
2018,Dean Lowry,10771,DI,16,GB,667,317,32,7,4,23,10.8,350,1,1,3,3,1.7,6.9
2018,Brandon Copeland,8378,ED,16,NYJ,576,192,13,9,3,11,8.3,384,5,2,2,7,4.5,6.8
2018,Orlando Scandrick,4457,CB,15,KC,733,191,6,2,1,1,9,542,37,1,7,14,6.4,6.8
2018,Michael Thomas,7279,S,16,NYG,484,165,16,8,4,9,7,319,19,3,4,5,6.5,6.8
2018,Kwon Alexander,9557,LB,6,TB,346,116,12,7,3,8,7.3,230,24,3,5,12,6.4,6.8
2018,Olivier Vernon,7074,ED,11,NYG,624,232,16,2,3,11,7,392,5,0,1,11,6,6.8
2018,D.J. Swearinger Sr.,7838,S,15,ARZ,924,349,19,3,6,10,4.7,575,28,2,3,9,11,6.8
2018,Myles Garrett,11756,ED,16,CLV,962,370,20,5,1,17,26,592,4,0,4,16,2,6.8
2018,Neville Hewitt,9836,LB,9,NYJ,248,92,11,2,2,10,7.5,156,10,0,2,4,6,6.8
2018,Sean Lee,5580,LB,7,DAL,209,84,12,7,2,10,10.5,125,6,4,3,6,4.3,6.8
2018,Jonathan Bullard,10706,DI,16,CHI,285,99,13,4,2,9,9.5,186,0,0,1,0,1,6.7
2018,Josh Norman,7649,CB,16,WAS,990,381,9,3,7,2,2.7,609,39,6,3,11,16,6.7
2018,Chuck Clark,11941,S,14,BLT,239,71,3,3,1,2,7,168,9,2,2,2,6.5,6.7
2018,Jarrad Davis,11776,LB,16,DET,930,382,40,18,12,23,5.8,548,34,5,5,17,8.8,6.7
2018,Carlton Davis,49335,CB,13,TB,682,286,12,1,2,7,7.5,396,24,3,5,7,6.4,6.7
2018,Daryl Worley,10711,CB,10,OAK,482,249,10,1,4,4,3.8,233,21,2,2,4,12.5,6.7
2018,Star Lotulelei,7795,DI,16,BUF,450,222,13,3,2,7,9,228,1,0,1,0,2,6.7
2018,Micah Hyde,7941,S,15,BUF,837,363,28,4,7,9,5.6,474,24,1,3,10,9.3,6.7
2018,Bobby McCain,9578,CB,14,MIA,770,338,20,1,5,11,5.2,432,28,2,4,9,8.5,6.7
2018,Jordan Poyer,8000,S,16,BUF,963,418,40,12,10,17,6.2,545,34,3,6,6,7.2,6.6
2018,Denzel Perryman,9481,LB,9,LAC,374,165,25,8,6,15,6.5,209,15,2,3,7,6.7,6.6
2018,Josh Jackson,50417,CB,16,GB,684,246,12,1,4,5,4.3,438,29,3,4,5,9,6.6
2018,Michael Johnson,4993,ED,15,CIN,447,229,22,9,6,13,6.2,218,2,0,0,1,1.00E+03,6.5
2018,Brennan Scarlett,11169,LB,8,HST,104,48,5,1,2,3,4,56,5,0,0,2,1.00E+03,6.5
2018,Jourdan Lewis,11846,CB,12,DAL,179,40,1,1,0,1,1.00E+03,139,8,1,2,3,5.5,6.5
2018,Morris Claiborne,7012,CB,15,NYJ,947,359,15,3,2,8,10,588,36,1,8,6,5.6,6.5
2018,Desmond King II,11906,CB,16,LAC,754,248,10,3,3,2,5.3,506,42,6,8,22,7,6.5
2018,Whitney Mercilus,7031,ED,16,HST,752,241,12,6,3,11,7,511,12,3,3,9,6,6.5
2018,Matthew Adams,38526,LB,12,IND,203,118,7,6,1,4,14,85,9,0,3,2,4,6.5
2018,Branden Jackson,11394,ED,9,SEA,247,97,7,3,0,6,1.00E+03,150,1,0,2,2,1.5,6.5
2018,Anthony Levine,6013,S,16,BLT,260,37,5,0,1,4,6,223,14,3,3,5,6.7,6.5
2018,Levi Wallace,25445,CB,7,BUF,399,190,16,7,4,6,6.8,209,12,3,3,5,6,6.4
2018,Javien Elliott,11418,CB,11,TB,336,107,6,1,1,3,8,229,17,3,4,6,6,6.4
2018,Denzel Ward,49558,CB,13,CLV,804,292,13,2,5,3,4,512,37,2,5,9,8.8,6.4
2018,Samson Ebukam,11880,ED,16,LA,659,273,21,9,4,14,8.5,386,4,4,3,5,3.7,6.4
2018,Jordan Whitehead,49196,S,14,TB,630,237,33,7,12,14,4.3,393,29,5,2,6,18,6.3
2018,Mike Hughes,34057,CB,6,MIN,230,79,4,3,0,2,1.00E+03,151,14,0,4,4,4.5,6.3
2018,Mychal Kendricks,7049,LB,4,SEA,177,78,8,4,0,4,1.00E+03,99,4,0,3,4,2.3,6.3
2018,Isaac Yiadom,49355,CB,11,DEN,245,71,2,1,0,1,1.00E+03,174,13,0,3,3,5.3,6.3
2018,Takkarist McKinley,11781,ED,15,ATL,574,188,10,3,1,8,14,386,2,1,2,8,2.5,6.3
2018,Mackensie Alexander,10688,CB,15,MIN,537,180,9,1,2,5,6,357,22,5,5,17,6.4,6.3
2018,Kamalei Correa,10676,ED,13,TEN,311,125,8,4,2,3,7,186,4,0,1,5,5,6.3
2018,Fadol Brown,12246,DI,12,GB,204,106,19,1,4,16,6,98,1,0,0,1,1.00E+03,6.3
2018,Matthias Farley,10953,S,5,IND,140,33,6,0,1,3,7,107,8,2,2,2,6,6.3
2018,Kevin King,11788,CB,6,GB,287,113,4,2,1,1,7,174,9,1,2,1,6,6.3
2018,Nathan Shepherd,24614,DI,16,NYJ,322,170,9,7,3,5,6.3,152,0,0,0,0,,6.3
2018,D.J. Jones,11953,DI,10,SF,234,141,13,3,2,10,9,93,0,0,1,0,1,6.3
2018,Will Parks,10853,S,16,DEN,545,197,9,4,4,6,4.3,348,19,0,2,4,10.5,6.3
2018,Damontae Kazee,11904,S,16,ATL,937,357,29,11,8,5,6,580,36,8,8,4,6.5,6.3
2018,Charles Harris,11777,ED,11,MIA,329,157,9,4,2,4,7.5,172,3,0,1,3,4,6.3
2018,Torry McTyer,49357,CB,13,MIA,327,118,4,3,0,0,1.00E+03,209,18,1,5,5,4.8,6.2
2018,Tre'Davious White,11782,CB,16,BUF,914,389,14,1,6,5,3.5,525,34,3,4,6,10.3,6.2
2018,Xavien Howard,10672,CB,12,MIA,756,324,7,2,1,3,10,432,21,1,5,7,5.4,6.2
2018,Jamie Collins Sr.,7833,LB,16,CLV,1015,403,45,14,9,31,7.6,612,36,6,11,16,4.8,6.1
2018,Alec Ogletree,7811,LB,13,NYG,834,349,30,16,9,19,6.1,485,29,7,7,15,6.1,6.1
2018,Donte Jackson,49377,CB,16,CAR,850,313,19,6,10,7,3.5,537,50,2,5,19,11.4,6.1
2018,Chris Wormley,11829,DI,16,BLT,376,156,11,2,2,7,7.5,220,2,0,1,2,3,6
2018,Stephen Weatherly,10861,ED,16,MIN,506,198,21,2,5,18,5.6,308,7,0,1,5,8,6
2018,Quinton Jefferson,10781,DI,16,SEA,535,183,12,3,2,10,8.5,352,4,1,2,5,3.5,6
2018,Eric Reid,7799,S,13,CAR,704,269,32,3,8,13,5.4,435,22,3,4,5,7.3,6
2018,Terrence Brooks,8714,S,3,NYJ,66,20,1,0,1,0,2,46,3,1,0,1,1.00E+03,6
2018,Cassius Marsh,8743,ED,16,SF,518,127,18,4,4,14,6.5,391,7,1,2,11,5,6
2018,Jay Bromley,8709,DI,2,NO,26,13,1,2,1,1,4,13,0,2,0,0,1.00E+03,6
2018,Solomon Thomas,11758,ED,16,SF,613,285,20,4,3,12,9,328,6,0,3,4,3,6
2018,Barkevious Mingo,7787,ED,16,SEA,497,227,12,4,3,7,6.3,270,13,6,4,5,5.8,6
2018,Kevin Minter,7826,LB,4,TB,22,12,1,1,1,1,3,10,3,0,0,2,1.00E+03,6
2018,Andre Branch,7042,ED,14,MIA,447,178,13,3,3,8,6.3,269,4,0,1,4,5,6
2018,Dawuane Smoot,11823,ED,8,JAX,155,37,3,1,1,3,5,118,1,0,0,1,1.00E+03,6
2018,Shaquem Griffin,50657,LB,3,SEA,48,14,2,1,0,1,1.00E+03,34,1,1,1,0,3,6
2018,Andre Hal,8850,S,8,HST,232,38,1,1,0,0,1.00E+03,194,8,0,2,2,5,6
2018,Peter Kalambayi,50089,LB,6,HST,32,15,0,2,0,0,1.00E+03,17,1,2,1,0,4,6
2018,Darius Kilgo,9636,DI,11,TEN,126,72,4,1,0,2,1.00E+03,54,0,0,1,0,1,6
2018,Greg Mabin,12068,CB,8,SF,159,84,4,1,2,2,3.5,75,4,1,0,1,1.00E+03,6
2018,Keion Crossen,49454,CB,6,NE,39,6,0,0,0,0,,33,5,0,1,0,6,6
2018,Bashaud Breeland,8737,CB,7,GB,318,135,6,1,2,3,4.5,183,12,1,2,3,7.5,6
2018,Jermaine Carter,28838,LB,8,CAR,83,40,2,3,1,1,6,43,4,1,1,2,6,6
2018,Taron Johnson,49511,CB,11,BUF,381,121,14,3,4,7,5.3,260,20,2,4,10,6.5,5.9
2018,Brian Poole,11052,CB,16,ATL,778,245,12,6,6,6,4,533,43,7,8,17,7.3,5.9
2018,Marlon Humphrey,11771,CB,14,BLT,670,208,8,4,2,3,7,462,31,1,7,5,5.6,5.9
2018,Leonard Williams,9439,DI,16,NYJ,824,313,25,7,4,22,9,511,1,1,3,6,1.7,5.9
2018,Jalen Mills,10867,CB,8,PHI,443,126,4,1,2,3,3.5,317,32,2,6,6,6.7,5.9
2018,Eric Wilson,38587,LB,14,MIN,319,122,15,3,1,9,19,197,11,0,5,7,3.2,5.8
2018,Sharrod Neasman,11050,S,11,ATL,411,148,15,4,3,7,7.3,263,21,3,6,8,5,5.8
2018,Geno Atkins,5643,DI,16,CIN,763,290,22,14,4,19,10,473,2,0,4,9,1.5,5.8
2018,Darian Stewart,5820,S,14,DEN,825,343,21,6,3,4,10,482,30,0,9,6,4.3,5.8
2018,Antonio Morrison,10759,LB,16,GB,287,167,18,11,5,12,6.8,120,8,1,3,4,4,5.8
2018,J.J. Watt,6163,ED,16,HST,918,308,34,6,7,32,6.7,610,2,1,2,17,2.5,5.8
2018,Brooks Reed,6194,ED,16,ATL,438,184,11,6,4,10,5.3,254,7,0,1,2,8,5.8
2018,Ahkello Witherspoon,11821,CB,13,SF,666,259,12,2,4,4,4.5,407,22,2,4,2,7,5.8
2018,Jamar Taylor,7835,CB,12,DEN,289,128,3,1,1,0,5,161,14,1,3,1,6,5.8
2018,Minkah Fitzpatrick,51206,CB,16,MIA,885,374,21,7,6,9,5.7,511,38,0,8,10,5.8,5.7
2018,De'Vante Bausby,10057,CB,4,PHI,138,50,6,0,1,3,7,88,8,0,2,1,5,5.7
2018,Demarcus Lawrence,8669,ED,16,DAL,703,228,37,6,6,28,8.2,475,4,0,4,16,2,5.7
2018,Mike Mitchell,4970,S,8,IND,214,71,12,1,3,5,5.3,143,15,0,3,6,6,5.7
2018,Kyler Fackrell,10722,ED,16,GB,596,247,14,8,5,11,5.4,349,10,1,2,16,6.5,5.7
2018,Duke Riley,11830,LB,14,ATL,391,155,15,10,7,6,4.6,236,27,4,5,8,7.2,5.7
2018,Trevor Williams,11004,CB,8,LAC,395,141,1,0,1,0,2,254,22,0,4,4,6.5,5.6
2018,Johnathan Hankins,7830,DI,15,OAK,543,318,23,6,6,18,5.8,225,3,0,1,2,4,5.6
2018,T.J. Watt,11785,ED,16,PIT,853,302,35,4,5,32,8.8,551,11,1,6,15,3,5.6
2018,Justin Coleman,9892,CB,16,SEA,649,174,4,1,3,2,2.7,475,30,1,5,10,7.2,5.5
2018,Joe Haden,5532,CB,15,PIT,887,307,10,3,5,3,3.6,580,41,5,8,10,6.8,5.5
2018,Joey Bosa,10637,ED,7,LAC,288,101,12,4,1,9,17,187,2,0,3,5,1.7,5.5
2018,Tavon Young,10738,CB,15,BLT,563,166,8,0,1,4,9,397,27,1,7,11,5,5.5
2018,Isaac Rochell,11980,ED,16,LAC,505,158,15,2,4,14,5.3,347,1,0,0,4,1.00E+03,5.5
2018,Tim Settle,48966,DI,14,WAS,130,65,8,1,1,6,10,65,0,0,1,0,1,5.5
2018,Denico Autry,8982,DI,12,IND,524,195,17,4,4,13,6.3,329,4,2,2,12,4,5.5
2018,Ezekiel Ansah,8094,ED,7,DET,137,36,4,4,0,4,1.00E+03,101,1,0,2,5,1.5,5.5
2018,Leonard Johnson,7385,CB,3,ARZ,85,22,1,0,0,0,1.00E+03,63,8,0,2,2,5,5.5
2018,DeShawn Shead,7450,CB,12,DET,232,56,1,0,0,0,1.00E+03,176,7,1,2,1,5,5.5
2018,Johnathan Joseph,2969,CB,14,HST,771,268,6,2,3,5,3.7,503,46,4,10,16,6,5.5
2018,Rodney McLeod,7271,S,3,PHI,155,48,4,1,2,1,3.5,107,4,0,0,1,1.00E+03,5.5
2018,Melvin Ingram III,7024,ED,16,LAC,864,325,22,9,5,19,7.2,539,4,1,3,10,2.7,5.5
2018,Matt Milano,11918,LB,13,BUF,702,292,39,12,14,26,4.6,410,26,6,5,11,7.4,5.4
2018,Kareem Martin,8719,ED,16,NYG,578,259,20,8,6,19,5.7,319,5,2,2,3,4.5,5.4
2018,Briean Boddy-Calhoun,10903,CB,14,CLV,618,183,5,2,4,0,2.8,435,42,3,8,12,6.6,5.3
2018,Bruce Irvin,7021,ED,16,ATL,442,166,8,5,1,5,14,276,3,1,3,9,2.3,5.3
2018,LeShaun Sims,10791,CB,13,TEN,202,73,3,2,3,3,2.7,129,11,1,1,2,13,5.3
2018,Jason Pierre-Paul,5540,ED,16,TB,887,364,35,8,7,26,7.1,523,8,0,5,16,2.6,5.3
2018,Bradley Chubb,48526,ED,16,DEN,803,311,33,9,5,23,9.4,492,4,1,6,12,1.8,5.3
2018,Dorian O'Daniel,51487,LB,13,KC,283,51,6,2,2,4,5,232,15,3,4,8,5.5,5.3
2018,Matt Longacre,9910,ED,13,LA,269,133,7,4,3,4,4.7,136,1,1,0,1,1.00E+03,5.3
2018,Tedric Thompson,11866,S,14,SEA,632,216,14,2,4,1,5,416,26,4,7,1,5.3,5.2
2018,Allen Bailey,6238,DI,16,KC,792,262,24,11,8,19,5.4,530,1,2,1,7,4,5.2
2018,Justin Houston,6222,ED,12,KC,669,250,18,4,3,13,8.3,419,6,1,4,13,2.8,5.1
2018,Frostee Rucker,3036,ED,15,OAK,520,298,30,5,9,22,4.9,222,2,0,0,0,1.00E+03,5.1
2018,William Jackson III,10658,CB,16,CIN,1022,418,11,2,4,4,4.3,604,22,2,5,7,5.8,5.1
2018,Eli Apple,10644,CB,15,NO,865,301,9,4,7,2,2.9,564,57,3,11,13,6.5,5.1
2018,Sylvester Williams,7809,DI,14,MIA,359,198,11,1,2,8,7,161,0,0,1,0,1,5
2018,Nick DeLuca,23189,LB,4,JAX,73,37,3,2,2,3,3.5,36,3,0,0,2,1.00E+03,5
2018,Danny Johnson,49379,CB,6,WAS,62,18,1,0,1,0,2,44,7,0,1,3,8,5
2018,Jordan Lucas,10838,S,7,KC,251,87,6,4,4,1,3.5,164,8,2,1,1,11,5
2018,Nicholas Morrow,51674,LB,14,OAK,399,156,17,4,4,11,6.3,243,10,1,4,4,3.8,5
2018,Tae Davis,26296,LB,11,NYG,327,121,14,7,1,7,22,206,11,0,7,7,2.6,5
2018,Tanner Vallejo,11950,LB,6,CLV,139,59,8,4,4,7,4,80,8,0,1,4,9,5
2018,Corey Moore,10117,S,6,IND,50,21,1,1,1,0,3,29,2,0,0,0,1.00E+03,5
2018,DeAndre Houston-Carson,10819,S,8,CHI,45,9,1,0,1,0,2,36,3,0,0,1,1.00E+03,5
2018,Christian Kirksey,8706,LB,7,CLV,452,171,15,3,3,11,7,281,17,1,6,2,4,5
2018,Frankie Luvu,51028,ED,14,NYJ,417,133,11,1,2,8,7,284,8,0,3,7,3.7,5
2018,Nicholas Grigsby,11187,LB,5,DET,28,13,1,1,0,1,1.00E+03,15,2,0,1,0,3,5
2018,Antone Exum Jr.,8817,S,14,SF,558,241,19,4,4,7,6.8,317,13,0,5,1,3.6,5
2018,Nazair Jones,11857,DI,9,SEA,126,57,5,2,2,4,4.5,69,0,1,0,0,1.00E+03,5
2018,Carroll Phillips,48353,ED,5,IND,56,21,3,0,0,1,1.00E+03,35,0,1,1,0,2,5
2018,Mike Hull,9815,LB,3,MIA,60,39,4,2,1,1,7,21,2,0,1,1,3,5
2018,Henry Anderson,9526,DI,16,NYJ,628,191,20,7,5,16,6.4,437,2,2,3,9,2.3,4.9
2018,Jack Crawford,7151,DI,16,ATL,587,206,11,13,4,8,7,381,2,1,3,7,2,4.9
2018,Al Woods,5646,DI,14,IND,364,182,10,7,4,6,5.3,182,2,0,1,1,3,4.8
2018,Derrick Kindred,10763,S,16,CLV,472,213,11,2,5,2,3.6,259,23,2,5,7,6,4.8
2018,Daniel Ross,51592,DI,13,DAL,240,107,8,5,2,6,7.5,133,1,1,2,2,2,4.8
2018,Gerald McCoy,5528,DI,14,TB,700,272,16,0,4,11,5,428,2,1,1,7,4,4.8
2018,Mark Nzeocha,9669,LB,11,SF,167,97,5,4,2,4,5.5,70,4,2,2,2,4,4.8
2018,Clay Matthews,4949,ED,16,GB,726,295,22,2,8,18,4,431,8,2,1,10,11,4.8
2018,Montae Nicholson,11878,S,10,WAS,445,135,13,4,3,2,6.7,310,12,5,6,4,3.8,4.8
2018,Reggie Nelson,3637,S,11,OAK,346,135,9,2,4,3,3.8,211,12,0,2,1,7,4.8
2018,Sam Shields,5943,CB,12,LA,321,73,6,0,0,2,1.00E+03,248,13,0,5,2,3.6,4.8
2018,Eddie Jackson,11867,S,14,CHI,865,275,16,1,3,4,6.7,590,29,3,10,14,4.2,4.8
2018,Dre Kirkpatrick,7023,CB,13,CIN,737,279,9,2,5,4,3.2,458,25,2,5,5,6.4,4.8
2018,Derrick Johnson,2232,LB,6,OAK,143,51,7,1,2,2,5,92,7,0,2,4,4.5,4.8
2018,Kentrell Brice,11142,S,14,GB,614,244,20,2,4,8,6.5,370,22,1,8,2,3.9,4.8
2018,Jeff Heath,8396,S,16,DAL,955,357,29,4,13,15,3.5,598,37,3,6,10,7.7,4.8
2018,Darius Philon,9625,DI,16,LAC,578,222,18,10,5,14,6.6,356,1,0,3,5,1.3,4.6
2018,Joe Schobert,10733,LB,13,CLV,858,322,49,9,15,25,4.9,536,24,4,9,7,4.1,4.6
2018,Carl Nassib,10699,ED,15,TB,571,228,19,3,4,15,6.5,343,2,1,3,7,2,4.6
2018,Deshazor Everett,9940,S,15,WAS,135,85,11,3,1,6,15,50,4,0,4,1,2,4.6
2018,Damien Wilson,9560,LB,16,DAL,276,147,15,1,4,9,5,129,12,1,4,3,4.3,4.6
2018,Robert Quinn,6166,ED,16,MIA,596,252,20,4,6,16,5,344,3,2,2,7,3.5,4.6
2018,Beau Allen,8858,DI,14,TB,369,196,14,4,5,12,4.6,173,0,0,0,0,,4.6
2018,Jullian Taylor,48684,ED,6,SF,98,65,4,3,2,2,4.5,33,0,0,0,0,,4.5
2018,Adolphus Washington,10714,DI,5,CIN,130,62,5,2,1,4,8,68,0,0,1,1,1,4.5
2018,Eddie Pleasant,7593,S,5,GB,84,28,1,1,0,0,1.00E+03,56,4,1,2,1,3.5,4.5
2018,Jamal Agnew,11920,CB,5,DET,113,41,1,0,1,1,2,72,6,0,1,1,7,4.5
2018,Eric Lee,11165,ED,9,DET,91,28,5,1,1,5,7,63,0,1,1,0,2,4.5
2018,Terrell Suggs,1326,ED,16,BLT,702,225,16,8,4,13,7,477,2,1,4,7,1.8,4.4
2018,Kurt Coleman,5767,S,16,NO,341,146,13,3,2,8,9,195,10,1,6,1,2.8,4.4
2018,Jerry Hughes,5556,ED,16,BUF,640,236,17,7,4,15,7,404,6,1,5,11,2.4,4.4
2018,Chris Jones,10671,DI,16,KC,720,246,17,5,4,12,6.5,474,2,0,3,15,1.7,4.4
2018,Jordan Willis,11828,ED,16,CIN,514,232,13,3,5,12,4.2,282,1,3,1,1,5,4.3
2018,Adam Jones,2223,CB,6,DEN,141,46,2,0,0,1,1.00E+03,95,7,1,3,1,3.7,4.3
2018,Marcell Harris,51408,S,7,SF,333,160,10,3,5,8,3.6,173,11,2,3,6,5.3,4.3
2018,Trevon Coley,11093,DI,16,CLV,585,291,21,7,6,15,5.7,294,4,1,4,2,2.3,4.3
2018,Pernell McPhee,6317,ED,13,WAS,197,72,6,1,1,5,8,125,2,1,2,1,2.5,4.3
2018,Justin Hardee,18348,CB,5,NO,74,28,1,0,0,0,1.00E+03,46,8,1,3,3,4,4.3
2018,Wes Horton,8484,ED,16,CAR,445,192,15,3,3,9,7,253,0,0,3,1,1,4
2018,Albert McClellan,6022,LB,6,NE,31,14,1,1,0,1,1.00E+03,17,1,0,1,1,2,4
2018,Dane Cruikshank,25546,S,7,TEN,42,17,0,0,1,0,1,25,3,0,0,2,1.00E+03,4
2018,Khalil Mack,8640,ED,14,CHI,723,218,21,4,5,16,6,505,5,0,5,13,2,4
2018,Chase Allen,12211,LB,3,MIA,18,13,1,1,1,1,3,5,0,1,0,0,1.00E+03,4
2018,Bryan Cox Jr.,12092,ED,11,CAR,186,77,4,3,2,4,4.5,109,2,0,1,0,3,4
2018,Kerry Hyder,9045,DI,7,DET,148,47,1,2,1,1,4,101,0,0,0,1,,4
2018,Josh Harvey-Clemons,11985,LB,14,WAS,182,15,3,0,0,2,1.00E+03,167,11,1,5,6,3.4,4
2018,Adrian Colbert,11983,S,6,SF,312,107,4,2,2,0,4,205,11,1,4,2,4,4
2018,Derrick Jones,11959,CB,1,NYJ,37,20,0,0,1,0,1,17,3,0,0,3,1.00E+03,4
2018,Chris Conte,6245,S,3,TB,111,30,2,1,1,1,4,81,9,0,3,4,4,4
2018,Mike Tyson,11942,S,5,HST,140,35,2,0,0,0,1.00E+03,105,1,0,1,0,2,4
2018,Dan McCullers,8849,DI,14,PIT,103,59,4,2,2,4,4,44,0,0,0,1,,4
2018,Jalen Davis,50431,CB,3,MIA,46,15,1,1,1,0,3,31,4,0,1,4,5,4
2018,Sidney Jones,11798,CB,9,PHI,308,79,4,2,3,2,3,229,16,2,5,5,4.6,4
2018,Chris Milton,10914,CB,3,IND,54,16,0,0,0,0,,38,2,1,1,1,4,4
2018,Kavon Frazier,10846,S,10,DAL,176,73,8,1,1,2,10,103,6,0,4,4,2.5,4
2018,Dexter McDougle,8715,CB,2,PHI,104,15,0,0,0,0,,89,4,2,2,0,4,4
2018,Dante Fowler Jr.,9436,ED,15,LA,552,179,12,3,5,9,4,373,5,0,2,7,3.5,3.9
2018,Brian Orakpo,4936,ED,13,TEN,547,204,9,4,5,7,3.6,343,9,1,3,6,4.3,3.9
2018,Curtis Riley,10109,S,16,NYG,988,403,21,1,12,2,2.8,585,41,4,11,4,5.1,3.9
2018,Arden Key,50201,ED,16,OAK,610,260,19,5,7,12,4.4,350,3,1,3,3,2.3,3.8
2018,Trent Murphy,8682,ED,13,BUF,424,164,7,6,4,3,4.3,260,1,2,2,4,2.5,3.7
2018,Yannick Ngakoue,10703,ED,16,JAX,724,251,9,5,4,7,4.5,473,5,0,3,14,2.7,3.7
2018,Vontaze Burfict,7280,LB,7,CIN,287,132,11,11,5,3,5.4,155,9,1,7,3,2.4,3.7
2018,Chris Long,4316,ED,16,PHI,592,152,7,5,1,4,13,440,3,1,5,8,1.8,3.7
2018,Michael Bennett,5273,ED,16,PHI,691,168,16,4,5,13,5,523,2,1,4,9,1.8,3.6
2018,Andrew Adams,11240,S,12,TB,355,132,9,0,7,3,2.3,223,22,3,6,6,5.2,3.6
2018,Kevin Pierre-Louis,8767,LB,5,NYJ,34,4,0,1,0,0,1.00E+03,30,3,1,2,2,3,3.5
2018,Dont'e Deayon,11242,CB,4,NYG,107,36,0,1,0,0,1.00E+03,71,4,0,2,1,3,3.5
2018,Chris Landrum,10992,ED,7,LAC,101,27,2,1,1,1,4,74,2,0,1,1,3,3.5
2018,Dylan Cole,24304,LB,8,HST,114,32,5,0,2,4,3.5,82,7,0,3,3,3.3,3.4
2018,Reuben Foster,11786,LB,6,SF,326,125,15,2,8,9,3.1,201,12,0,4,5,4,3.4
2018,De'Vante Harris,11227,CB,5,TB,91,30,3,1,1,1,5,61,3,0,2,0,2.5,3.3
2018,David Mayo,9602,LB,10,CAR,133,68,4,3,2,4,4.5,65,2,0,2,0,2,3.3
2018,Brian Peters,10248,LB,6,HST,53,17,1,2,0,1,1.00E+03,36,4,0,3,2,2.3,3.3
2018,Adrian Clayborn,6172,ED,14,NE,302,41,5,0,3,4,2.7,261,2,0,0,3,1.00E+03,3.3
2018,Chandon Sullivan,49349,CB,4,PHI,86,39,2,0,2,1,2,47,4,1,1,0,6,3.3
2018,Mike Love,48376,ED,3,BUF,48,34,1,1,1,0,3,14,0,0,0,0,,3
2018,Tavierre Thomas,66931,CB,2,CLV,18,10,0,1,0,0,1.00E+03,8,1,0,1,0,2,3
2018,Quenton Meeks,38566,CB,3,JAX,47,17,0,0,1,0,1,30,4,0,1,1,5,3
2018,Corn Elder,11907,CB,7,CAR,60,23,2,0,1,1,3,37,2,0,1,0,3,3
2018,Nate Stupar,7214,LB,7,NYG,60,29,1,1,0,1,1.00E+03,31,2,0,2,1,2,3
2018,Vontarrius Dora,11014,ED,2,ARZ,64,43,1,0,1,1,2,21,1,0,0,0,1.00E+03,3
2018,Cordrea Tankersley,11852,CB,1,MIA,27,14,1,0,0,0,1.00E+03,13,1,0,1,0,2,3
2018,Nat Berhe,8787,S,2,PIT,31,4,0,0,0,0,,27,2,0,1,0,3,3
2018,Jarvis Jenkins,6193,DI,12,KC,194,70,5,0,2,4,3.5,124,1,0,1,0,2,3
2018,Frank Clark,9496,ED,16,SEA,700,233,16,0,8,13,3,467,7,1,5,15,2.6,2.8
2018,Najee Goode,7137,LB,6,IND,61,25,3,0,2,2,2.5,36,2,0,1,0,3,2.7
2018,Kevin Johnson,9449,CB,1,HST,62,23,0,1,1,0,2,39,2,2,2,0,3,2.7
2018,Brandon Williams,10726,CB,2,ARZ,84,39,3,0,3,1,2,45,2,0,0,0,1.00E+03,2.7
2018,Tre Sullivan,12165,S,11,PHI,213,31,1,1,4,1,1.5,182,9,0,3,3,4,2.6
2018,Dominique Rodgers-Cromartie,4330,CB,5,OAK,135,69,3,0,3,1,2,66,4,1,2,2,3.5,2.6
2018,E.J. Gaines,8823,CB,4,CLV,175,63,0,1,4,0,1.3,112,10,0,3,1,4.3,2.6
2018,Tony McRae,11358,CB,6,CIN,79,18,0,0,1,0,1,61,3,0,1,0,4,2.5
2018,Efe Obada,10235,ED,10,CAR,181,74,2,0,1,2,3,107,1,0,1,3,2,2.5
2018,Natrell Jamerson,50440,CB,5,GB,79,25,0,0,2,0,1,54,5,0,2,1,3.5,2.3
2018,Ramon Humber,5310,LB,7,NE,59,23,2,1,1,1,4,36,1,0,2,1,1.5,2.3
2018,Joshua Holsey,11990,CB,1,WAS,29,6,0,0,0,0,,23,2,0,2,0,2,2
2018,Rudy Ford,11963,S,4,ARZ,58,25,1,1,1,0,3,33,0,0,1,0,1,2
2018,Brandon Wilson,11962,S,10,CIN,51,4,0,0,0,0,,47,0,1,1,0,2,2
2018,Jacob Martin,50152,ED,16,SEA,219,34,2,1,1,2,4,185,0,0,2,3,1,2
2018,Brock Coyle,8929,LB,1,SF,61,21,2,0,1,1,3,40,2,0,3,0,1.7,2
2018,David Irving,10063,DI,2,DAL,55,18,1,0,1,1,2,37,0,0,0,1,,2
2018,Blake Countess,10830,S,5,LA,58,18,1,0,2,1,1.5,40,1,0,0,0,1.00E+03,2
2018,Vic Beasley Jr.,9441,ED,16,ATL,659,209,8,3,7,7,2.6,450,3,0,7,7,1.4,2
2018,Jihad Ward,10678,DI,6,IND,135,41,1,0,0,1,1.00E+03,94,0,0,1,3,1,2
2018,Cyrus Jones,10694,S,5,BLT,15,6,0,1,0,0,1.00E+03,9,0,0,1,0,1,2
2018,Andre Smith,50897,LB,1,CAR,11,7,0,0,1,0,1,4,1,0,0,1,1.00E+03,2
2018,Maurice Smith,51190,S,2,MIA,55,24,0,0,0,0,,31,3,0,3,0,2,2
2018,Walt Aikens,8760,S,8,MIA,32,13,0,1,1,0,2,19,1,0,1,0,2,2
2018,Tony Lippett,9589,CB,2,NYG,23,1,0,0,0,0,,22,1,0,1,0,2,2
2018,James Burgess,11202,LB,3,CLV,73,43,5,0,3,3,2.7,30,0,0,2,0,1,2
2018,Armani Watts,51264,S,5,KC,58,10,0,0,0,0,,48,1,0,1,2,2,2
2018,Lafayette Pitts,11210,CB,5,BUF,81,29,0,0,0,0,,52,2,0,3,0,1.7,1.7
2018,Tremon Smith,28196,CB,6,KC,70,33,0,0,1,0,1,37,1,0,1,0,2,1.5
2018,Kony Ealy,8695,ED,3,OAK,51,22,0,1,1,0,2,29,0,0,2,0,1,1.3
2018,Gabe Wright,9546,DI,2,OAK,28,13,0,0,1,0,1,15,0,0,0,0,,1
2018,Cody Davis,8458,S,1,JAX,10,7,0,0,1,0,1,3,0,0,0,0,,1
2018,Marcus Sherels,6017,CB,3,MIN,29,13,0,0,0,0,,16,0,0,1,0,1,1
2018,Dontae Johnson,8764,CB,1,ARZ,21,15,0,0,1,0,1,6,0,0,0,0,,1
2018,Tre'von Johnson,12016,LB,2,LAC,2,1,0,0,1,0,1,1,0,0,0,0,,1
2018,Davon House,6283,CB,2,GB,28,8,0,0,1,0,1,20,0,0,0,0,,1
2018,Johnson Bademosi,7374,CB,5,HST,21,1,0,0,0,0,,20,0,0,1,0,1,1
